User login,Organization / repository,Last pushed date,Last pushed email
val-zhou,summit-tech/auth-public,2026-02-04,100754734+val-zhou@users.noreply.github.com
jordan-vale,acme-platform/console-proxy,2026-02-18,102201632+jordan-vale@users.noreply.github.com
luna71,quartzline-dev/config-controller,2026-03-25,10282550+luna71@users.noreply.github.com
luna71,quartzline-dev/worker-client,2026-02-11,10282550+luna71@users.noreply.github.com
luna71,acme-platform/cli-proxy,2026-01-09,10282550+luna71@users.noreply.github.com
luna71,acme-platform/config-controller,2026-01-16,10282550+luna71@users.noreply.github.com
luna71,acme-platform/worker-gateway,2026-02-20,10282550+luna71@users.noreply.github.com
luna71,acme-platform/webhook-v3,2026-02-20,10282550+luna71@users.noreply.github.com
luna71,quartzline-dev/data-service,2026-03-10,10282550+luna71@users.noreply.github.com
luna71,quartzline-dev/platform-bridge,2026-03-25,10282550+luna71@users.noreply.github.com
cli-colin,copperhill-systems/cli-controller,2026-03-03,cli-colin@github.com
cli-colin,copperhill-systems/console-processor,2026-03-03,cli-colin@github.com
cli-colin,copperhill-systems/pipeline-processor,2026-03-27,cli-colin@github.com
cli-colin,copperhill-systems/platform-worker,2026-03-18,cli-colin@github.com
wchang,acme-platform/webhook-internal,2026-03-19,wchang@github.com
wchang,sandstone-eng/lib-internal,2026-01-09,wchang@github.com
wchang,acme-platform/gateway-store,2026-01-30,wchang@github.com
wchang,acme-platform/platform-handler,2026-02-04,wchang@github.com
wchang,acme-platform/webhook-runner,2026-02-05,wchang@github.com
wchang,terranova-ops/admin-engine,2026-03-25,wchang@github.com
wchang,terranova-ops/lib-adapter,2026-03-24,wchang@github.com
wchang,sandstone-eng/.github,2026-03-27,wchang@github.com
wchang,sandstone-eng/api-controller,2026-03-27,wchang@github.com
wchang,sandstone-eng/proxy-handler,2026-03-27,wchang@github.com
wchang,sandstone-eng/cli-bridge,2026-03-27,wchang@github.com
wchang,sandstone-eng/backend-engine,2026-03-27,wchang@github.com
luca88,acme-platform/console-worker,2026-03-23,106392052+luca88@users.noreply.github.com
luca88,acme-platform/pipeline-processor,2026-03-13,106392052+luca88@users.noreply.github.com
jordan-kane,acme-platform/cron-controller,2026-02-19,107436170+jordan-kane@users.noreply.github.com
jordan-kane,acme-platform/lib-runner,2026-03-27,107436170+jordan-kane@users.noreply.github.com
jordan-kane,stormfield-labs/frontend-internal,2026-02-23,107436170+jordan-kane@users.noreply.github.com
jordan-kane,stormfield-labs/gateway-v2,2026-02-16,107436170+jordan-kane@users.noreply.github.com
jordan-kane,stormfield-labs/config-bot,2026-02-26,107436170+jordan-kane@users.noreply.github.com
jordan-kane,stormfield-labs/cli-proxy,2026-02-26,107436170+jordan-kane@users.noreply.github.com
jordan-kane,stormfield-labs/service-gateway,2026-03-10,107436170+jordan-kane@users.noreply.github.com
jordan-kane,stormfield-labs/core-client,2026-03-12,107436170+jordan-kane@users.noreply.github.com
jordan-kane,acme-platform/core-server,2026-03-25,107436170+jordan-kane@users.noreply.github.com
eden-nova,acme-platform/monitor-internal,2026-02-12,10777849+eden-nova@users.noreply.github.com
eden-nova,acme-platform/portal-store,2026-03-18,10777849+eden-nova@users.noreply.github.com
nico-gale,acme-platform/pipeline-processor,2026-03-12,108114059+nico-gale@users.noreply.github.com
nico-gale,acme-platform/portal-next,2026-03-19,108114059+nico-gale@users.noreply.github.com
nico-gale,acme-platform/gateway-bot,2026-03-27,108114059+nico-gale@users.noreply.github.com
qquinn,acme-platform/backend-client,2026-01-20,108512532+qquinn@users.noreply.github.com
val-lake,acme-platform/connector-manager,2026-03-23,val-lake@github.com
val-lake,acme-platform/portal-adapter,2026-03-23,val-lake@github.com
parker-sage,acme-platform/sdk-proxy,2026-01-28,110078080+parker-sage@users.noreply.github.com
dkumar,acme-platform/sdk-app,2026-01-27,dkumar@github.com
dkumar,acme-platform/api-runner,2026-01-27,dkumar@github.com
devcontainer,acme-platform/docs-app,2026-03-27,devcontainer@github.com
ethan-g,acme-platform/cli-proxy,2026-03-25,115641633+ethan-g@users.noreply.github.com
quinn-grey,acme-platform/web-service,2026-03-04,117486955+quinn-grey@users.noreply.github.com
val-bain,juniper-eng/data-v3,2026-03-19,val-bain@github.com
kai-jade,acme-platform/platform-v3,2026-01-20,120124020+kai-jade@users.noreply.github.com
kai-jade,acme-platform/connector-runner,2026-03-10,120124020+kai-jade@users.noreply.github.com
kai-jade,cliffside-io/console-bridge,2026-03-19,120124020+kai-jade@users.noreply.github.com
kai-jade,acme-platform/admin-store,2026-03-20,120124020+kai-jade@users.noreply.github.com
kai-jade,acme-platform/api-controller,2026-03-27,120124020+kai-jade@users.noreply.github.com
kai-jade,acme-platform/connector-proxy,2026-03-27,120124020+kai-jade@users.noreply.github.com
priya87,acme-platform/platform-next,2026-02-03,120277121+priya87@users.noreply.github.com
priya87,dawnbreak-ai/core-server,2026-03-25,120277121+priya87@users.noreply.github.com
tpham,acme-platform/gateway-worker,2026-01-08,120682747+tpham@users.noreply.github.com
tpham,acme-platform/platform-v3,2026-02-24,120682747+tpham@users.noreply.github.com
tpham,acme-platform/docs-client,2026-03-12,120682747+tpham@users.noreply.github.com
tpham,acme-platform/service-v2,2026-03-18,120682747+tpham@users.noreply.github.com
pydata-ali,granite-eng/platform-internal,2026-01-10,121246525+pydata-ali@users.noreply.github.com
pydata-ali,frostbyte-labs/infra-internal,2026-03-11,121246525+pydata-ali@users.noreply.github.com
rkim,acme-platform/config-processor,2026-03-05,12145912+rkim@users.noreply.github.com
rkim,acme-platform/service-client,2026-02-26,12145912+rkim@users.noreply.github.com
rkim,acme-platform/core-public,2026-03-05,12145912+rkim@users.noreply.github.com
elena-ros,terranova-ops/data-worker,2026-02-05,elena-ros@github.com
elena-ros,terranova-ops/admin-engine,2026-03-26,elena-ros@github.com
elena-ros,acme-platform/admin-client,2026-01-17,elena-ros@github.com
elena-ros,acme-platform/admin-bridge,2026-01-16,elena-ros@github.com
elena-ros,acme-platform/platform-runner,2026-01-29,elena-ros@github.com
elena-ros,acme-platform/backend-public,2026-01-30,elena-ros@github.com
elena-ros,acme-platform/backend-bridge,2026-01-29,elena-ros@github.com
elena-ros,acme-platform/mobile-worker,2026-01-29,elena-ros@github.com
elena-ros,acme-platform/config-runner,2026-01-30,elena-ros@github.com
elena-ros,wavelength-ai/config-internal,2026-02-03,elena-ros@github.com
elena-ros,acme-platform/connector-hub,2026-02-04,elena-ros@github.com
elena-ros,acme-platform/data-client,2026-02-04,elena-ros@github.com
elena-ros,terranova-ops/docs-api,2026-02-05,elena-ros@github.com
elena-ros,terranova-ops/core-v3,2026-02-06,elena-ros@github.com
elena-ros,wavelength-ai/cron-proxy,2026-02-10,elena-ros@github.com
elena-ros,wavelength-ai/mobile-internal,2026-02-10,elena-ros@github.com
elena-ros,wavelength-ai/platform-engine,2026-02-10,elena-ros@github.com
elena-ros,wavelength-ai/portal-bridge,2026-02-10,elena-ros@github.com
elena-ros,wavelength-ai/lib-public,2026-02-10,elena-ros@github.com
elena-ros,wavelength-ai/connector-worker,2026-02-10,elena-ros@github.com
elena-ros,wavelength-ai/core-hub,2026-02-10,elena-ros@github.com
elena-ros,wavelength-ai/pipeline-store,2026-02-10,elena-ros@github.com
elena-ros,acme-platform/backend-proxy,2026-02-10,elena-ros@github.com
elena-ros,wavelength-ai/cron-manager,2026-02-10,elena-ros@github.com
elena-ros,acme-platform/frontend-gateway,2026-02-18,elena-ros@github.com
cmontoya,summit-tech/gateway-handler,2026-01-06,126655896+cmontoya@users.noreply.github.com
gray-vale,acme-platform/frontend-public,2026-01-30,127357173+gray-vale@users.noreply.github.com
taylor-zhou,acme-platform/worker-store,2026-03-19,taylor-zhou@github.com
isla-m,creekside-io/web-adapter,2026-01-07,isla-m@github.com
isla-m,creekside-io/proxy-server,2026-01-05,isla-m@github.com
isla-m,creekside-io/worker-v3,2026-01-06,isla-m@github.com
isla-m,creekside-io/mobile-api,2026-01-06,isla-m@github.com
isla-m,creekside-io/service-client,2026-02-18,isla-m@github.com
isla-m,creekside-io/mobile-proxy,2026-01-15,isla-m@github.com
isla-m,creekside-io/lib-worker,2026-02-05,isla-m@github.com
isla-m,creekside-io/cli-controller,2026-02-05,isla-m@github.com
docker-dee,acme-platform/auth-engine,2026-01-09,13424886+docker-dee@users.noreply.github.com
docker-dee,acme-platform/admin-server,2026-03-06,13424886+docker-dee@users.noreply.github.com
docker-dee,acme-platform/lib-public,2026-03-23,13424886+docker-dee@users.noreply.github.com
docker-dee,acme-platform/cli-controller,2026-03-20,13424886+docker-dee@users.noreply.github.com
docker-dee,acme-platform/pipeline-handler,2026-03-25,13424886+docker-dee@users.noreply.github.com
docker-dee,acme-platform/connector-controller,2026-03-26,13424886+docker-dee@users.noreply.github.com
kai-kane,terranova-ops/frontend-service,2026-03-20,kai-kane@github.com
kai-kane,acme-platform/service-store,2026-03-27,kai-kane@github.com
ivy62,acme-platform/portal-controller,2026-03-26,14168597+ivy62@users.noreply.github.com
omar28,acme-platform/web-store,2026-02-27,omar28@github.com
omar28,acme-platform/web-server,2026-03-17,omar28@github.com
omar28,stonebridge-eng/dashboard-client,2026-03-26,omar28@github.com
omar28,acme-platform/lib-bot,2026-03-26,omar28@github.com
omar28,acme-platform/connector-proxy,2026-03-26,omar28@github.com
rustycrab,acme-platform/monitor-worker,2026-03-26,val-carr@outlook.com
jin23,acme-platform/mobile-client,2026-03-11,jin23@github.com
jin23,acme-platform/service-manager,2026-03-25,jin23@github.com
jin23,juniper-eng/service-worker,2026-03-16,jin23@github.com
jin23,acme-platform/webhook-internal,2026-03-26,jin23@github.com
indie-mack,acme-platform/platform-v3,2026-03-06,indie-mack@github.com
indie-mack,juniper-eng/admin-worker,2026-03-16,indie-mack@github.com
blake-pace,acme-platform/api-v3,2026-03-03,blake-pace@microsoft.com
gitops-jen,acme-platform/mobile-v3,2026-02-26,gitops-jen@github.com
gitops-jen,acme-platform/auth-store,2026-03-02,gitops-jen@github.com
gitops-jen,acme-platform/cron-client,2026-03-02,gitops-jen@github.com
gray-jade,acme-platform/config-worker,2026-01-13,1513048+gray-jade@users.noreply.github.com
gray-jade,acme-platform/proxy-app,2026-02-11,1513048+gray-jade@users.noreply.github.com
gray-jade,acme-platform/data-manager,2026-02-11,1513048+gray-jade@users.noreply.github.com
sage-grey,steelbridge-eng/connector-manager,2025-12-30,152495754+sage-grey@users.noreply.github.com
pcosta,acme-platform/auth-gateway,2026-03-18,pcosta@github.com
pcosta,acme-platform/console-controller,2026-02-06,pcosta@github.com
adesouza,acme-platform/connector-engine,2026-03-03,15963767+adesouza@users.noreply.github.com
adesouza,acme-platform/webhook-server,2026-03-26,15963767+adesouza@users.noreply.github.com
hailey-p,acme-platform/monitor-internal,2026-01-28,hailey-p@github.com
morgan-kane,summit-tech/cron-internal,2026-01-16,morgan-kane@users.noreply.github.com
eden-falk,marshfield-ai/portal-runner,2026-01-27,eden-falk@github.com
sre-marcus,acme-platform/pipeline-worker,2026-03-27,sre-marcus@github.com
alex-beck,acme-platform/auth-server,2026-02-11,alex-beck@github.com
alex-beck,acme-platform/cli-controller,2026-01-30,alex-beck@github.com
alex-beck,acme-platform/gateway-worker,2026-02-13,alex-beck@github.com
alex-beck,acme-platform/docs-handler,2026-02-13,alex-beck@github.com
alex-beck,acme-platform/gateway-processor,2026-02-26,alex-beck@github.com
alex-beck,acme-platform/data-internal,2026-03-09,alex-beck@github.com
val-dean,beacon-digital/service-client,2026-03-26,val-dean@github.com
rubber-duck,summit-tech/cron-internal,2026-01-15,rubber-duck@github.com
val-falk,summit-tech/service-next,2026-03-23,17237324+val-falk@users.noreply.github.com
ml-maria,acme-platform/docs-hub,2026-03-26,ml-maria@github.com
ml-maria,acme-platform/worker-adapter,2026-03-25,ml-maria@github.com
anna-kowalski,acme-platform/proxy-proxy,2026-01-09,val-gale@outlook.com
anna-kowalski,acme-platform/cli-api,2026-01-15,val-gale@outlook.com
alexchen,frostbyte-labs/infra-internal,2025-12-30,1760475+alexchen@users.noreply.github.com
alexchen,acme-platform/frontend-v3,2026-01-05,1760475+alexchen@users.noreply.github.com
alexchen,acme-platform/docs-handler,2026-02-18,1760475+alexchen@users.noreply.github.com
alexchen,beacon-digital/platform-v3,2026-03-10,1760475+alexchen@users.noreply.github.com
alexchen,beacon-digital/docs-handler,2026-02-12,1760475+alexchen@users.noreply.github.com
alexchen,acme-platform/platform-v3,2026-02-24,1760475+alexchen@users.noreply.github.com
alexchen,beacon-digital/cli-proxy,2026-02-25,1760475+alexchen@users.noreply.github.com
alexchen,beacon-digital/mobile-app,2026-02-26,1760475+alexchen@users.noreply.github.com
alexchen,acme-platform/data-public,2026-03-06,1760475+alexchen@users.noreply.github.com
alexchen,acme-platform/core-engine,2026-03-06,1760475+alexchen@users.noreply.github.com
alexchen,juniper-eng/admin-worker,2026-03-16,1760475+alexchen@users.noreply.github.com
alexchen,acme-platform/worker-v3,2026-03-19,1760475+alexchen@users.noreply.github.com
alexchen,beacon-digital/infra-worker,2026-03-19,1760475+alexchen@users.noreply.github.com
alexchen,acme-platform/pipeline-bot,2026-03-25,1760475+alexchen@users.noreply.github.com
ghamilton,acme-platform/auth-gateway,2026-02-03,val-howe@microsoft.com
ghamilton,acme-platform/cli-next,2026-03-02,val-howe@microsoft.com
casey-shaw,acme-platform/monitor-controller,2026-03-26,1774556+casey-shaw@users.noreply.github.com
ben-carter,acme-platform/portal-adapter,2026-02-03,ben-carter@github.com
ben-carter,beacon-digital/cli-public,2026-02-19,ben-carter@github.com
ben-carter,beacon-digital/service-client,2026-02-19,ben-carter@github.com
ben-carter,beacon-digital/mobile-server,2026-02-19,ben-carter@github.com
ben-carter,beacon-digital/connector-manager,2026-02-20,ben-carter@github.com
ben-carter,acme-platform/connector-proxy,2026-03-09,ben-carter@github.com
ben-carter,acme-platform/connector-manager,2026-03-23,ben-carter@github.com
gray-york,acme-platform/gateway-client,2026-03-27,gray-york@github.com
gray-york,acme-platform/core-controller,2026-02-27,gray-york@github.com
gray-york,acme-platform/web-bot,2026-03-12,gray-york@github.com
gray-york,acme-platform/web-runner,2026-03-25,gray-york@github.com
hayden-cole,acme-platform/infra-hub,2026-02-19,val-kane@hotmail.it
aroberts,acme-platform/connector-runner,2026-01-30,aroberts@github.com
aroberts,valleyforge-eng/proxy-proxy,2026-02-07,aroberts@github.com
aroberts,acme-platform/mobile-client,2026-03-12,aroberts@github.com
drew-zhu,clearpath-io/worker-processor,2026-01-12,drew-zhu@github.com
drew-zhu,clearpath-io/pipeline-hub,2026-01-12,drew-zhu@github.com
drew-zhu,clearpath-io/config-runner,2026-01-12,drew-zhu@github.com
drew-zhu,clearpath-io/service-gateway,2026-01-12,drew-zhu@github.com
drew-zhu,clearpath-io/gateway-engine,2026-01-15,drew-zhu@github.com
drew-zhu,acme-platform/auth-store,2026-03-03,drew-zhu@github.com
drew-zhu,acme-platform/core-store,2026-03-13,drew-zhu@github.com
drew-zhu,clearpath-io/console-controller,2026-03-17,drew-zhu@github.com
alex-wynn,acme-platform/admin-bridge,2026-02-25,val-lind@gmail.com
alex-wynn,acme-platform/portal-bridge,2026-03-26,val-lind@gmail.com
blake-cole,acme-platform/platform-proxy,2026-03-27,blake-cole@github.com
ssandoval,terranova-ops/admin-engine,2026-02-09,ssandoval@gmail.com
ssandoval,acme-platform/api-app,2026-03-04,ssandoval@gmail.com
ssandoval,acme-platform/frontend-hub,2026-03-19,ssandoval@gmail.com
sam-nagata,acme-platform/connector-worker,2026-01-08,1942309+sam-nagata@users.noreply.github.com
sam-nagata,juniper-eng/admin-worker,2026-03-16,1942309+sam-nagata@users.noreply.github.com
sam-nagata,acme-platform/agent-runner,2026-03-26,1942309+sam-nagata@users.noreply.github.com
rpetrov,juniper-eng/admin-worker,2026-03-16,rpetrov@github.com
james-walker,terranova-ops/admin-engine,2026-03-18,james-walker@users.noreply.github.com
jordan-pace,acme-platform/docs-worker,2026-03-12,jordan-pace@users.noreply.github.com
parker-wynn,acme-platform/webhook-api,2026-01-08,parker-wynn@github.com
blake-tate,acme-platform/console-bridge,2026-02-25,blake-tate@github.com
troy-bishop,acme-platform/sdk-next,2026-02-10,207826583+troy-bishop@users.noreply.github.com
troy-bishop,acme-platform/admin-handler,2026-03-24,207826583+troy-bishop@users.noreply.github.com
alex-vale,acme-platform/admin-bridge,2026-01-07,alex-vale@github.com
ren44,peakview-systems/portal-controller,2026-03-05,20966+ren44@users.noreply.github.com
adam-perkins,terranova-ops/admin-engine,2026-03-24,22166060+adam-perkins@users.noreply.github.com
hayden-mesa,summit-tech/frontend-manager,2026-02-20,hayden-mesa@github.com
data-dani,acme-platform/web-internal,2026-03-24,data-dani@microsoft.com
ci-wizard,acme-platform/gateway-gateway,2026-03-26,ci-wizard@github.com
ci-wizard,acme-platform/gateway-gateway,2026-03-24,ci-wizard@github.com
ci-wizard,acme-platform/mobile-manager,2026-02-26,ci-wizard@github.com
ci-wizard,acme-platform/dashboard-handler,2026-03-16,ci-wizard@github.com
ci-wizard,acme-platform/docs-handler,2026-03-15,ci-wizard@github.com
ci-wizard,acme-platform/mobile-internal,2026-03-17,ci-wizard@github.com
ci-wizard,keystone-cloud/webhook-public,2026-03-17,ci-wizard@github.com
jmarquez,acme-platform/web-engine,2025-12-30,22909641+jmarquez@users.noreply.github.com
jmarquez,acme-platform/lib-manager,2025-12-31,22909641+jmarquez@users.noreply.github.com
jmarquez,acme-platform/portal-manager,2026-01-08,22909641+jmarquez@users.noreply.github.com
jmarquez,acme-platform/sdk-api,2026-01-30,22909641+jmarquez@users.noreply.github.com
jmarquez,acme-platform/service-gateway,2026-02-02,22909641+jmarquez@users.noreply.github.com
jmarquez,acme-platform/agent-app,2026-02-03,22909641+jmarquez@users.noreply.github.com
jmarquez,acme-platform/config-hub,2026-02-09,22909641+jmarquez@users.noreply.github.com
jmarquez,acme-platform/webhook-client,2026-02-28,22909641+jmarquez@users.noreply.github.com
jmarquez,acme-platform/cli-controller,2026-03-06,22909641+jmarquez@users.noreply.github.com
jmarquez,acme-platform/docs-v2,2026-03-03,22909641+jmarquez@users.noreply.github.com
jmarquez,acme-platform/infra-manager,2026-03-09,22909641+jmarquez@users.noreply.github.com
jmarquez,acme-platform/cron-engine,2026-03-27,22909641+jmarquez@users.noreply.github.com
jmarquez,acme-platform/monitor-controller,2026-03-12,22909641+jmarquez@users.noreply.github.com
jmarquez,acme-platform/pipeline-runner,2026-03-12,22909641+jmarquez@users.noreply.github.com
jmarquez,acme-platform/docs-worker,2026-03-16,22909641+jmarquez@users.noreply.github.com
jmarquez,acme-platform/backend-api,2026-03-17,22909641+jmarquez@users.noreply.github.com
jmarquez,acme-platform/dashboard-api,2026-03-20,22909641+jmarquez@users.noreply.github.com
morgan-oak,acme-platform/pipeline-bridge,2026-03-13,morgan-oak@github.com
morgan-oak,fjordline-labs/cli-controller,2026-01-26,morgan-oak@github.com
morgan-oak,acme-platform/lib-next,2026-02-27,morgan-oak@github.com
nico-todd,acme-platform/platform-app,2026-03-19,2326106+nico-todd@users.noreply.github.com
chris-murray,acme-platform/sdk-client,2026-03-13,chris-murray@github.com
chris-murray,acme-platform/connector-adapter,2026-02-04,chris-murray@github.com
chris-murray,acme-platform/webhook-client,2026-03-26,chris-murray@github.com
chris-murray,acme-platform/backend-bridge,2026-03-08,chris-murray@github.com
chris-murray,acme-platform/dashboard-handler,2026-03-12,chris-murray@github.com
chris-murray,acme-platform/gateway-processor,2026-03-12,chris-murray@github.com
chris-murray,acme-platform/platform-proxy,2026-03-12,chris-murray@github.com
chris-murray,acme-platform/worker-handler,2026-03-13,chris-murray@github.com
casey-nova,acme-platform/agent-internal,2026-02-05,casey-nova@users.noreply.github.com
casey-nova,terranova-ops/auth-worker,2026-01-26,casey-nova@users.noreply.github.com
casey-nova,acme-platform/webhook-internal,2026-03-26,casey-nova@users.noreply.github.com
blake-bain,terranova-ops/admin-engine,2026-03-06,blake-bain@github.com
blake-bain,acme-platform/auth-hub,2026-03-19,blake-bain@github.com
anagha-r,acme-platform/cli-proxy,2026-01-28,anagha-r@github.com
nico-eyre,acme-platform/console-worker,2026-03-19,2588978+nico-eyre@users.noreply.github.com
nico-eyre,acme-platform/data-bot,2026-03-26,2588978+nico-eyre@users.noreply.github.com
mia90,cloudpeak-io/worker-store,2026-02-17,val-mack@outlook.com
mia90,cloudpeak-io/worker-service,2026-02-19,val-mack@outlook.com
eden-mesa,acme-platform/infra-bot,2026-03-24,eden-mesa@github.com
sage-nova,acme-platform/gateway-worker,2026-02-13,2772944+sage-nova@users.noreply.github.com
sage-nova,juniper-eng/admin-worker,2026-03-16,2772944+sage-nova@users.noreply.github.com
dockerdan,bayshore-ops/gateway-worker,2026-02-17,dockerdan@github.com
dockerdan,gridpoint-io/cli-controller,2026-02-24,dockerdan@github.com
dockerdan,gridpoint-io/portal-gateway,2026-02-23,dockerdan@github.com
dockerdan,gridpoint-io/docs-runner,2026-02-27,dockerdan@github.com
leo78,acme-platform/platform-app,2026-01-08,leo78@github.com
hotfix-hero,acme-platform/monitor-store,2026-01-09,hotfix-hero@users.noreply.github.com
oakley-york,acme-platform/frontend-api,2026-03-20,oakley-york@github.com
hayden-lake,acme-platform/cron-client,2026-01-06,hayden-lake@github.com
hayden-lake,acme-platform/proxy-internal,2026-01-09,hayden-lake@github.com
hayden-lake,acme-platform/admin-public,2026-01-15,hayden-lake@github.com
hayden-lake,acme-platform/docs-public,2026-01-29,hayden-lake@github.com
hayden-lake,acme-platform/mobile-bridge,2026-03-12,hayden-lake@github.com
hayden-lake,acme-platform/platform-manager,2026-03-10,hayden-lake@github.com
hayden-lake,acme-platform/auth-server,2026-03-24,hayden-lake@github.com
hayden-lake,acme-platform/core-app,2026-03-27,hayden-lake@github.com
emma05,acme-platform/admin-v3,2026-03-25,emma05@github.com
emma05,acme-platform/webhook-api,2026-03-26,emma05@github.com
oakley-reed,prismwave-ai/gateway-internal,2026-01-29,val-nash@gmail.com
oakley-reed,acme-platform/config-api,2026-02-14,val-nash@gmail.com
oakley-reed,prismwave-ai/frontend-worker,2026-03-16,val-nash@gmail.com
oakley-reed,prismwave-ai/proxy-handler,2026-03-16,val-nash@gmail.com
oakley-reed,prismwave-ai/infra-processor,2026-03-20,val-nash@gmail.com
oakley-reed,prismwave-ai/admin-store,2026-03-26,val-nash@gmail.com
morgan-falk,acme-platform/web-adapter,2026-01-12,32821413+morgan-falk@users.noreply.github.com
morgan-falk,acme-platform/sdk-next,2026-02-12,32821413+morgan-falk@users.noreply.github.com
eden-park,acme-platform/backend-public,2026-01-27,33412273+eden-park@users.noreply.github.com
eden-park,acme-platform/console-server,2026-01-26,33412273+eden-park@users.noreply.github.com
morgan-carr,acme-platform/cli-gateway,2026-03-25,morgan-carr@github.com
morgan-carr,acme-platform/monitor-bot,2026-01-29,morgan-carr@github.com
morgan-carr,acme-platform/monitor-hub,2026-01-26,morgan-carr@github.com
morgan-carr,acme-platform/portal-service,2026-02-08,morgan-carr@github.com
morgan-carr,willowcreek-dev/cli-controller,2026-03-13,morgan-carr@github.com
morgan-carr,acme-platform/auth-client,2026-03-19,morgan-carr@github.com
nico-shaw,acme-platform/proxy-manager,2026-02-09,35609331+nico-shaw@users.noreply.github.com
nico-shaw,acme-platform/sdk-client,2026-02-18,35609331+nico-shaw@users.noreply.github.com
quinn-voss,acme-platform/config-handler,2026-03-25,36417871+quinn-voss@users.noreply.github.com
quinn-voss,acme-platform/backend-adapter,2026-03-26,36417871+quinn-voss@users.noreply.github.com
willow-e,acme-platform/backend-public,2026-03-23,37507190+willow-e@users.noreply.github.com
willow-e,acme-platform/connector-client,2026-01-31,37507190+willow-e@users.noreply.github.com
willow-e,terranova-ops/lib-adapter,2026-03-12,37507190+willow-e@users.noreply.github.com
willow-e,terranova-ops/admin-engine,2026-03-06,37507190+willow-e@users.noreply.github.com
drew-mesa,beacon-digital/mobile-server,2026-03-25,37555874+drew-mesa@users.noreply.github.com
hayden-mack,acme-platform/dashboard-runner,2026-01-15,hayden-mack@github.com
hayden-mack,acme-platform/cron-service,2026-01-15,hayden-mack@github.com
hayden-mack,acme-platform/sdk-internal,2026-01-15,hayden-mack@github.com
logan-pace,terranova-ops/admin-engine,2026-02-16,logan-pace@github.com
logan-pace,acme-platform/connector-engine,2026-02-25,logan-pace@github.com
pprince,acme-platform/config-proxy,2026-03-27,3915176+pprince@users.noreply.github.com
rachel-kim,acme-platform/config-controller,2026-02-27,rachel-kim@github.com
rachel-kim,frostbyte-labs/infra-internal,2025-12-30,rachel-kim@github.com
rachel-kim,acme-platform/web-gateway,2026-03-10,rachel-kim@github.com
kevinl,acme-platform/dashboard-hub,2026-03-18,kevinl@users.noreply.github.com
kevinl,terranova-ops/admin-engine,2026-03-23,kevinl@users.noreply.github.com
kevinl,acme-platform/core-store,2026-03-26,kevinl@users.noreply.github.com
logan-mesa,starfield-cloud/portal-worker,2026-03-18,40116776+logan-mesa@users.noreply.github.com
tom-nielsen,nova-works/sdk-adapter,2026-03-16,tom-nielsen@github.com
tom-nielsen,nova-works/agent-adapter,2026-03-26,tom-nielsen@github.com
tom-nielsen,acme-platform/sdk-bridge,2026-01-14,tom-nielsen@github.com
tom-nielsen,nova-works/portal-adapter,2026-02-08,tom-nielsen@github.com
tom-nielsen,nova-works/docs-client,2026-03-02,tom-nielsen@github.com
gcarter,acme-platform/worker-processor,2026-03-13,42864823+gcarter@users.noreply.github.com
gcarter,acme-platform/portal-next,2026-03-26,42864823+gcarter@users.noreply.github.com
danielp,terranova-ops/admin-engine,2026-03-27,danielp@github.com
danielp,northstar-eng/pipeline-worker,2026-01-21,danielp@github.com
danielp,terranova-ops/config-controller,2026-01-21,danielp@github.com
danielp,terranova-ops/lib-controller,2026-02-12,danielp@github.com
danielp,acme-platform/pipeline-worker,2026-01-21,danielp@github.com
danielp,terranova-ops/auth-worker,2026-03-25,danielp@github.com
danielp,terranova-ops/lib-adapter,2026-03-24,danielp@github.com
danielp,acme-platform/frontend-hub,2026-03-20,danielp@github.com
danielp,acme-platform/cli-controller,2026-03-19,danielp@github.com
danielp,northstar-eng/service-adapter,2026-03-26,danielp@github.com
danielp,northstar-eng/platform-proxy,2026-03-27,danielp@github.com
depsdave,acme-platform/frontend-public,2026-01-28,depsdave@github.com
depsdave,acme-platform/docs-engine,2026-01-30,depsdave@github.com
depsdave,acme-platform/connector-controller,2026-03-26,depsdave@github.com
blake-howe,acme-platform/mobile-v3,2026-02-26,43425357+blake-howe@users.noreply.github.com
blake-howe,acme-platform/docs-service,2026-03-22,43425357+blake-howe@users.noreply.github.com
priya-s,clearpath-io/platform-store,2026-01-22,priya-s@users.noreply.github.com
priya-s,clearpath-io/webhook-bot,2026-02-18,priya-s@users.noreply.github.com
priya-s,clearpath-io/agent-engine,2026-02-19,priya-s@users.noreply.github.com
priya-s,clearpath-io/web-server,2026-03-12,priya-s@users.noreply.github.com
priya-s,clearpath-io/lib-manager,2026-03-13,priya-s@users.noreply.github.com
priya-s,terranova-ops/frontend-service,2026-03-16,priya-s@users.noreply.github.com
priya-s,terranova-ops/admin-engine,2026-03-17,priya-s@users.noreply.github.com
priya-s,clearpath-io/service-api,2026-03-27,priya-s@users.noreply.github.com
priya-s,acme-platform/config-v3,2026-03-25,priya-s@users.noreply.github.com
maya56,acme-platform/gateway-next,2026-01-30,val-pace@gmail.com
frankie-park,magnolia-ops/docs-hub,2026-03-04,45219981+frankie-park@users.noreply.github.com
frankie-park,frostbyte-labs/infra-internal,2026-03-13,45219981+frankie-park@users.noreply.github.com
frankie-park,acme-platform/dashboard-adapter,2026-01-05,45219981+frankie-park@users.noreply.github.com
frankie-park,riverstone-dev/sdk-app,2026-01-21,45219981+frankie-park@users.noreply.github.com
frankie-park,acme-platform/docs-v2,2026-03-13,45219981+frankie-park@users.noreply.github.com
frankie-park,acme-platform/auth-api,2026-03-02,45219981+frankie-park@users.noreply.github.com
frankie-park,magnolia-ops/agent-server,2026-03-13,45219981+frankie-park@users.noreply.github.com
frankie-park,acme-platform/connector-controller,2026-03-13,45219981+frankie-park@users.noreply.github.com
hayden-vale,summit-tech/mobile-processor,2026-02-17,hayden-vale@github.com
hayden-vale,acme-platform/service-handler,2026-03-10,hayden-vale@github.com
morgan-eyre,acme-platform/portal-manager,2026-03-03,4584300+morgan-eyre@users.noreply.github.com
alex-oak,acme-platform/auth-gateway,2026-03-04,45955857+alex-oak@users.noreply.github.com
indie-shaw,acme-platform/sdk-processor,2026-02-16,indie-shaw@github.com
indie-shaw,acme-platform/docs-handler,2026-02-20,indie-shaw@github.com
val-rowe,summit-tech/core-manager,2026-01-22,46709269+val-rowe@users.noreply.github.com
kai-mesa,highpoint-dev/pipeline-public,2026-02-20,47693756+kai-mesa@users.noreply.github.com
kai-mesa,highpoint-dev/gateway-v2,2026-02-12,47693756+kai-mesa@users.noreply.github.com
kai-mesa,highpoint-dev/web-service,2026-02-12,47693756+kai-mesa@users.noreply.github.com
twright,acme-platform/mobile-hub,2026-01-20,48172220+twright@users.noreply.github.com
drew-carr,acme-platform/web-proxy,2026-01-20,drew-carr@users.noreply.github.com
drew-carr,acme-platform/backend-handler,2026-01-25,drew-carr@users.noreply.github.com
drew-carr,birchwood-eng/service-proxy,2026-02-05,drew-carr@users.noreply.github.com
omarfaruk,acme-platform/monitor-gateway,2026-02-12,omarfaruk@github.com
omarfaruk,acme-platform/sdk-next,2026-03-27,omarfaruk@github.com
omarfaruk,juniper-eng/agent-gateway,2026-03-16,omarfaruk@github.com
omarfaruk,juniper-eng/platform-manager,2026-03-16,omarfaruk@github.com
omarfaruk,juniper-eng/data-v3,2026-03-22,omarfaruk@github.com
omarfaruk,juniper-eng/core-v3,2026-03-20,omarfaruk@github.com
omarfaruk,juniper-eng/docs-v2,2026-03-16,omarfaruk@github.com
omarfaruk,juniper-eng/sdk-v3,2026-03-16,omarfaruk@github.com
omarfaruk,juniper-eng/admin-worker,2026-03-16,omarfaruk@github.com
omarfaruk,juniper-eng/auth-adapter,2026-03-23,omarfaruk@github.com
omarfaruk,juniper-eng/infra-gateway,2026-03-18,omarfaruk@github.com
omarfaruk,juniper-eng/data-handler,2026-03-18,omarfaruk@github.com
omarfaruk,acme-platform/docs-handler,2026-03-27,omarfaruk@github.com
shellscott,acme-platform/core-public,2026-02-17,50186003+shellscott@users.noreply.github.com
casey-ford,acme-platform/cli-next,2026-03-02,50452463+casey-ford@users.noreply.github.com
casey-ford,frostbyte-labs/infra-internal,2026-01-26,50452463+casey-ford@users.noreply.github.com
casey-ford,aspengrove-ops/cron-controller,2026-03-12,50452463+casey-ford@users.noreply.github.com
casey-ford,aspengrove-ops/cli-controller,2026-02-17,50452463+casey-ford@users.noreply.github.com
casey-ford,acme-platform/connector-manager,2026-03-23,50452463+casey-ford@users.noreply.github.com
nandersen,acme-platform/portal-hub,2026-02-23,nandersen@github.com
nandersen,acme-platform/sdk-api,2026-01-06,nandersen@github.com
nandersen,acme-platform/core-server,2026-01-07,nandersen@github.com
nandersen,acme-platform/portal-hub,2026-01-07,nandersen@github.com
nandersen,acme-platform/core-proxy,2026-02-04,nandersen@github.com
nandersen,acme-platform/api-v2,2026-02-02,nandersen@github.com
nandersen,acme-platform/infra-app,2026-02-09,nandersen@github.com
nandersen,acme-platform/worker-adapter,2026-02-09,nandersen@github.com
nandersen,acme-platform/monitor-store,2026-02-09,nandersen@github.com
nandersen,acme-platform/agent-manager,2026-02-27,nandersen@github.com
jordan-voss,acme-platform/cron-controller,2026-01-21,jordan-voss@github.com
gray-zhu,acme-platform/data-handler,2026-03-27,51681275+gray-zhu@users.noreply.github.com
gray-zhu,acme-platform/api-controller,2026-03-27,51681275+gray-zhu@users.noreply.github.com
mrogers,acme-platform/docs-handler,2026-03-17,51742210+mrogers@users.noreply.github.com
mrogers,acme-platform/dashboard-bridge,2026-03-24,51742210+mrogers@users.noreply.github.com
mrogers,acme-platform/cli-public,2026-03-25,51742210+mrogers@users.noreply.github.com
morgan-reed,acme-platform/worker-adapter,2026-02-06,morgan-reed@github.com
morgan-reed,quartzline-dev/infra-worker,2026-01-13,morgan-reed@github.com
vegerton,acme-platform/service-internal,2026-01-02,53131571+vegerton@users.noreply.github.com
vegerton,acme-platform/sdk-bridge,2026-03-27,53131571+vegerton@users.noreply.github.com
mark-thompson,redwood-dev/web-processor,2026-01-19,mark-thompson@github.com
mark-thompson,redwood-dev/console-service,2026-02-23,mark-thompson@github.com
mark-thompson,prismwave-ai/config-public,2026-02-27,mark-thompson@github.com
mark-thompson,prismwave-ai/service-manager,2026-01-20,mark-thompson@github.com
mark-thompson,skybridge-io/data-v3,2026-01-20,mark-thompson@github.com
mark-thompson,prismwave-ai/gateway-internal,2026-03-26,mark-thompson@github.com
mark-thompson,skybridge-io/backend-engine,2026-03-05,mark-thompson@github.com
mark-thompson,acme-platform/config-api,2026-02-24,mark-thompson@github.com
mark-thompson,prismwave-ai/auth-hub,2026-03-14,mark-thompson@github.com
mark-thompson,prismwave-ai/api-engine,2026-03-16,mark-thompson@github.com
mark-thompson,prismwave-ai/frontend-worker,2026-03-16,mark-thompson@github.com
mark-thompson,prismwave-ai/proxy-handler,2026-03-16,mark-thompson@github.com
mark-thompson,prismwave-ai/backend-public,2026-03-17,mark-thompson@github.com
mark-thompson,summit-tech/platform-api,2026-03-17,mark-thompson@github.com
mark-thompson,prismwave-ai/infra-processor,2026-03-20,mark-thompson@github.com
mark-thompson,summit-tech/worker-worker,2026-03-22,mark-thompson@github.com
mark-thompson,summit-tech/api-server,2026-03-22,mark-thompson@github.com
mark-thompson,summit-tech/console-manager,2026-03-22,mark-thompson@github.com
mark-thompson,summit-tech/dashboard-next,2026-03-22,mark-thompson@github.com
mark-thompson,prismwave-ai/admin-store,2026-03-26,mark-thompson@github.com
devtools-sam,acme-platform/console-proxy,2026-02-02,54908241+devtools-sam@users.noreply.github.com
devtools-sam,acme-platform/frontend-server,2026-02-04,54908241+devtools-sam@users.noreply.github.com
jordan-mesa,frostbyte-labs/infra-internal,2026-03-12,55520179+jordan-mesa@users.noreply.github.com
chen-wei,meridian-labs/config-handler,2026-01-26,56553101+chen-wei@users.noreply.github.com
chen-wei,meridian-labs/pipeline-controller,2026-02-09,56553101+chen-wei@users.noreply.github.com
chen-wei,meridian-labs/gateway-handler,2026-01-07,56553101+chen-wei@users.noreply.github.com
chen-wei,meridian-labs/gateway-gateway,2026-02-11,56553101+chen-wei@users.noreply.github.com
chen-wei,meridian-labs/docs-handler,2026-01-23,56553101+chen-wei@users.noreply.github.com
chen-wei,meridian-labs/frontend-gateway,2026-03-27,56553101+chen-wei@users.noreply.github.com
chen-wei,meridian-labs/agent-manager,2026-02-11,56553101+chen-wei@users.noreply.github.com
chen-wei,meridian-labs/cli-controller,2026-02-20,56553101+chen-wei@users.noreply.github.com
chen-wei,meridian-labs/.github,2026-02-24,56553101+chen-wei@users.noreply.github.com
chen-wei,meridian-labs/auth-handler,2026-03-03,56553101+chen-wei@users.noreply.github.com
chen-wei,meridian-labs/console-v2,2026-02-24,56553101+chen-wei@users.noreply.github.com
chen-wei,meridian-labs/infra-store,2026-03-04,56553101+chen-wei@users.noreply.github.com
chen-wei,meridian-labs/api-server,2026-03-07,56553101+chen-wei@users.noreply.github.com
dkane,acme-platform/infra-public,2026-01-30,dkane@github.com
indie-beck,acme-platform/pipeline-engine,2026-02-19,57748216+indie-beck@users.noreply.github.com
indie-beck,acme-platform/frontend-adapter,2026-02-21,57748216+indie-beck@users.noreply.github.com
indie-beck,acme-platform/portal-next,2026-02-13,57748216+indie-beck@users.noreply.github.com
casey-hale,acme-platform/web-internal,2026-03-12,57777806+casey-hale@users.noreply.github.com
casey-hale,ironclad-sec/config-bot,2026-03-23,57777806+casey-hale@users.noreply.github.com
casey-hale,ironclad-sec/api-client,2026-03-23,57777806+casey-hale@users.noreply.github.com
casey-hale,ironclad-sec/data-service,2026-03-23,57777806+casey-hale@users.noreply.github.com
casey-hale,ironclad-sec/gateway-proxy,2026-03-23,57777806+casey-hale@users.noreply.github.com
casey-hale,ironclad-sec/auth-public,2026-03-23,57777806+casey-hale@users.noreply.github.com
casey-hale,ironclad-sec/dashboard-runner,2026-03-23,57777806+casey-hale@users.noreply.github.com
casey-hale,acme-platform/mobile-handler,2026-03-24,57777806+casey-hale@users.noreply.github.com
casey-hale,willowbend-tech/config-bot,2026-03-26,57777806+casey-hale@users.noreply.github.com
casey-hale,willowbend-tech/gateway-proxy,2026-03-26,57777806+casey-hale@users.noreply.github.com
lturner,acme-platform/api-controller,2026-03-27,58362593+lturner@users.noreply.github.com
lturner,acme-platform/connector-manager,2026-03-27,58362593+lturner@users.noreply.github.com
lturner,terranova-ops/admin-engine,2026-03-24,58362593+lturner@users.noreply.github.com
kai-voss,acme-platform/cli-internal,2026-03-13,kai-voss@github.com
yuki-t,harborstone-labs/cli-controller,2025-12-29,val-shaw@gmail.com
yuki-t,acme-platform/webhook-v3,2026-01-29,val-shaw@gmail.com
casey-sage,acme-platform/auth-app,2026-03-15,casey-sage@github.com
casey-sage,acme-platform/platform-app,2026-03-15,casey-sage@github.com
kai-duke,acme-platform/worker-app,2026-03-24,61294578+kai-duke@users.noreply.github.com
kai-duke,acme-platform/cli-controller,2026-02-24,61294578+kai-duke@users.noreply.github.com
kai-duke,acme-platform/admin-bridge,2026-02-24,61294578+kai-duke@users.noreply.github.com
kai-duke,acme-platform/portal-adapter,2026-03-23,61294578+kai-duke@users.noreply.github.com
kai-duke,acme-platform/web-next,2026-03-13,61294578+kai-duke@users.noreply.github.com
drew-todd,acme-platform/console-v3,2026-02-03,drew-todd@github.com
kate-obrien,ridgeline-devops/connector-bridge,2026-02-10,63790236+kate-obrien@users.noreply.github.com
kate-obrien,ridgeline-devops/admin-engine,2026-01-20,63790236+kate-obrien@users.noreply.github.com
kate-obrien,ridgeline-devops/agent-client,2026-02-05,63790236+kate-obrien@users.noreply.github.com
kate-obrien,ridgeline-devops/core-api,2026-02-05,63790236+kate-obrien@users.noreply.github.com
kate-obrien,ridgeline-devops/service-v3,2026-02-12,63790236+kate-obrien@users.noreply.github.com
kate-obrien,ridgeline-devops/worker-bridge,2026-02-27,63790236+kate-obrien@users.noreply.github.com
alex-mack,acme-platform/docs-api,2026-03-26,64513810+alex-mack@users.noreply.github.com
blake-park,acme-platform/frontend-server,2026-03-04,blake-park@github.com
blake-park,acme-platform/config-api,2026-02-20,blake-park@github.com
blake-park,palmgrove-dev/admin-bot,2026-02-24,blake-park@github.com
blake-park,acme-platform/console-api,2026-03-11,blake-park@github.com
frankie-beck,northstar-eng/admin-bridge,2026-03-25,frankie-beck@github.com
frankie-beck,terranova-ops/admin-engine,2026-03-27,frankie-beck@github.com
frankie-beck,terranova-ops/lib-controller,2026-03-18,frankie-beck@github.com
frankie-beck,terranova-ops/frontend-service,2026-03-09,frankie-beck@github.com
frankie-beck,terranova-ops/backend-client,2026-02-24,frankie-beck@github.com
frankie-beck,acme-platform/auth-v3,2026-01-29,frankie-beck@github.com
frankie-beck,terranova-ops/cli-v3,2026-01-30,frankie-beck@github.com
frankie-beck,terranova-ops/infra-app,2026-02-12,frankie-beck@github.com
frankie-beck,terranova-ops/console-bot,2026-02-24,frankie-beck@github.com
frankie-beck,terranova-ops/auth-worker,2026-03-27,frankie-beck@github.com
frankie-beck,terranova-ops/config-controller,2026-02-23,frankie-beck@github.com
frankie-beck,northstar-eng/dashboard-worker,2026-02-26,frankie-beck@github.com
frankie-beck,northstar-eng/platform-bot,2026-02-26,frankie-beck@github.com
frankie-beck,terranova-ops/cron-handler,2026-02-26,frankie-beck@github.com
frankie-beck,northstar-eng/backend-store,2026-03-02,frankie-beck@github.com
frankie-beck,northstar-eng/cron-app,2026-03-02,frankie-beck@github.com
frankie-beck,northstar-eng/portal-v3,2026-03-02,frankie-beck@github.com
frankie-beck,northstar-eng/proxy-processor,2026-03-02,frankie-beck@github.com
frankie-beck,northstar-eng/monitor-hub,2026-03-02,frankie-beck@github.com
frankie-beck,northstar-eng/mobile-api,2026-03-02,frankie-beck@github.com
frankie-beck,northstar-eng/service-internal,2026-03-02,frankie-beck@github.com
frankie-beck,northstar-eng/console-worker,2026-03-02,frankie-beck@github.com
frankie-beck,northstar-eng/infra-bridge,2026-03-02,frankie-beck@github.com
frankie-beck,northstar-eng/webhook-engine,2026-03-02,frankie-beck@github.com
frankie-beck,northstar-eng/api-client,2026-03-02,frankie-beck@github.com
frankie-beck,northstar-eng/gateway-controller,2026-03-05,frankie-beck@github.com
frankie-beck,northstar-eng/api-store,2026-03-09,frankie-beck@github.com
frankie-beck,northstar-eng/console-bridge,2026-03-17,frankie-beck@github.com
frankie-beck,northstar-eng/platform-handler,2026-03-19,frankie-beck@github.com
frankie-beck,northstar-eng/gateway-store,2026-03-23,frankie-beck@github.com
frankie-beck,acme-platform/admin-bridge,2026-03-27,frankie-beck@github.com
frankie-beck,acme-platform/backend-hub,2026-03-27,frankie-beck@github.com
jordan-todd,acme-platform/worker-api,2026-02-05,66803885+jordan-todd@users.noreply.github.com
jordan-todd,acme-platform/config-v2,2026-03-23,66803885+jordan-todd@users.noreply.github.com
jordan-todd,acme-platform/auth-app,2026-03-21,66803885+jordan-todd@users.noreply.github.com
hayden-hale,acme-platform/docs-engine,2026-02-13,hayden-hale@github.com
hayden-hale,acme-platform/service-controller,2026-03-24,hayden-hale@github.com
api-ada,acme-platform/console-engine,2026-01-10,api-ada@github.com
api-ada,acme-platform/gateway-runner,2026-03-05,api-ada@github.com
docs-derek,acme-platform/backend-client,2026-01-22,docs-derek@github.com
docs-derek,acme-platform/cron-public,2026-01-22,docs-derek@github.com
sarahk,atlas-cloud/platform-adapter,2026-01-06,7055334+sarahk@users.noreply.github.com
sarahk,atlas-cloud/cli-bridge,2026-03-16,7055334+sarahk@users.noreply.github.com
sarahk,atlas-cloud/connector-adapter,2026-01-19,7055334+sarahk@users.noreply.github.com
sarahk,atlas-cloud/data-proxy,2026-02-26,7055334+sarahk@users.noreply.github.com
sarahk,atlas-cloud/data-bridge,2026-03-11,7055334+sarahk@users.noreply.github.com
sarahk,atlas-cloud/data-gateway,2026-03-16,7055334+sarahk@users.noreply.github.com
sarahk,atlas-cloud/infra-controller,2026-02-13,7055334+sarahk@users.noreply.github.com
sarahk,atlas-cloud/docs-runner,2026-02-25,7055334+sarahk@users.noreply.github.com
sarahk,atlas-cloud/webhook-gateway,2026-02-19,7055334+sarahk@users.noreply.github.com
sarahk,atlas-cloud/docs-gateway,2026-03-26,7055334+sarahk@users.noreply.github.com
sarahk,atlas-cloud/pipeline-engine,2026-02-26,7055334+sarahk@users.noreply.github.com
sarahk,atlas-cloud/proxy-public,2026-03-09,7055334+sarahk@users.noreply.github.com
sarahk,atlas-cloud/sdk-v2,2026-03-13,7055334+sarahk@users.noreply.github.com
sarahk,juniper-eng/console-manager,2026-03-16,7055334+sarahk@users.noreply.github.com
eden-kent,acme-platform/web-v3,2026-01-08,eden-kent@users.noreply.github.com
eden-kent,acme-platform/connector-adapter,2026-02-02,eden-kent@users.noreply.github.com
eden-kent,acme-platform/service-client,2026-02-03,eden-kent@users.noreply.github.com
eden-kent,acme-platform/admin-store,2026-02-19,eden-kent@users.noreply.github.com
eden-kent,mapleridge-io/data-controller,2026-02-13,eden-kent@users.noreply.github.com
eden-kent,acme-platform/connector-proxy,2026-02-19,eden-kent@users.noreply.github.com
terraformer,acme-platform/pipeline-processor,2026-03-26,terraformer@github.com
terraformer,acme-platform/webhook-hub,2026-02-23,terraformer@github.com
tara-singh,trailhead-labs/mobile-api,2026-03-09,74389839+tara-singh@users.noreply.github.com
sage-lake,edgewater-labs/lib-internal,2026-03-16,74673754+sage-lake@users.noreply.github.com
sage-lake,edgewater-labs/worker-bridge,2026-03-18,74673754+sage-lake@users.noreply.github.com
quinn-rowe,acme-platform/docs-store,2026-03-27,76935281+quinn-rowe@users.noreply.github.com
jest-jake,acme-platform/console-bot,2026-02-12,jest-jake@github.com
max-fischer,vanguard-tools/cli-controller,2026-02-22,max-fischer@github.com
max-fischer,vanguard-tools/portal-controller,2026-02-19,max-fischer@github.com
max-fischer,vanguard-tools/monitor-next,2026-01-10,max-fischer@github.com
max-fischer,acme-platform/cron-client,2026-01-20,max-fischer@github.com
max-fischer,vanguard-tools/frontend-adapter,2026-02-07,max-fischer@github.com
max-fischer,acme-platform/core-service,2026-03-25,max-fischer@github.com
max-fischer,acme-platform/admin-service,2026-03-27,max-fischer@github.com
jordan-grey,terranova-ops/lib-adapter,2026-03-06,8320933+jordan-grey@users.noreply.github.com
lydia82,acme-platform/docs-handler,2026-02-13,83433840+lydia82@users.noreply.github.com
jordan-ford,acme-platform/mobile-api,2026-01-28,87290303+jordan-ford@users.noreply.github.com
jordan-ford,acme-platform/data-server,2026-03-12,87290303+jordan-ford@users.noreply.github.com
eden-lind,acme-platform/core-store,2026-02-27,eden-lind@github.com
eden-lind,acme-platform/backend-store,2026-03-26,eden-lind@github.com
alex-alba,acme-platform/data-worker,2026-02-25,88126776+alex-alba@users.noreply.github.com
alex-alba,acme-platform/portal-bot,2026-02-07,88126776+alex-alba@users.noreply.github.com
sara99,acme-platform/cron-server,2026-03-25,89211854+sara99@users.noreply.github.com
casey-zhou,cedarline-cloud/backend-store,2026-02-25,casey-zhou@users.noreply.github.com
casey-zhou,crystalpoint-io/monitor-handler,2026-02-02,casey-zhou@users.noreply.github.com
casey-zhou,acme-platform/dashboard-server,2026-01-21,casey-zhou@users.noreply.github.com
casey-zhou,crystalpoint-io/proxy-service,2026-01-21,casey-zhou@users.noreply.github.com
casey-zhou,acme-platform/monitor-server,2026-02-10,casey-zhou@users.noreply.github.com
casey-zhou,crystalpoint-io/sdk-processor,2026-02-02,casey-zhou@users.noreply.github.com
casey-zhou,crystalpoint-io/core-api,2026-02-02,casey-zhou@users.noreply.github.com
casey-zhou,acme-platform/mobile-runner,2026-03-09,casey-zhou@users.noreply.github.com
indie-lind,nova-works/frontend-adapter,2026-03-04,90060153+indie-lind@users.noreply.github.com
indie-lind,acme-platform/lib-worker,2026-03-23,90060153+indie-lind@users.noreply.github.com
gray-mesa,acme-platform/portal-processor,2026-02-25,91367046+gray-mesa@users.noreply.github.com
sdk-sofia,acme-platform/web-v3,2026-03-23,val-todd@gmail.com
hayden-zhou,acme-platform/admin-handler,2026-02-04,91637722+hayden-zhou@users.noreply.github.com
hayden-zhou,acme-platform/admin-engine,2026-02-04,91637722+hayden-zhou@users.noreply.github.com
hayden-zhou,acme-platform/mobile-public,2026-02-04,91637722+hayden-zhou@users.noreply.github.com
hayden-zhou,acme-platform/webhook-server,2026-03-11,91637722+hayden-zhou@users.noreply.github.com
hayden-zhou,acme-platform/service-bot,2026-03-11,91637722+hayden-zhou@users.noreply.github.com
val-voss,summit-tech/gateway-handler,2026-01-22,94100688+val-voss@users.noreply.github.com
indie-hale,acme-platform/admin-app,2026-03-27,indie-hale@github.com
eden-mack,acme-platform/config-server,2026-03-25,95499645+eden-mack@users.noreply.github.com
eden-mack,acme-platform/cli-controller,2026-01-29,95499645+eden-mack@users.noreply.github.com
eden-mack,acme-platform/agent-v2,2026-02-09,95499645+eden-mack@users.noreply.github.com
eden-mack,acme-platform/auth-controller,2026-02-06,95499645+eden-mack@users.noreply.github.com
eden-mack,acme-platform/api-gateway,2026-02-10,95499645+eden-mack@users.noreply.github.com
eden-mack,acme-platform/worker-engine,2026-02-20,95499645+eden-mack@users.noreply.github.com
blake-kent,acme-platform/connector-engine,2026-02-12,9603391+blake-kent@users.noreply.github.com
drew-falk,acme-platform/gateway-api,2025-12-29,97491505+drew-falk@users.noreply.github.com
drew-falk,acme-platform/docs-controller,2026-01-28,97491505+drew-falk@users.noreply.github.com
drew-falk,acme-platform/lib-app,2026-02-09,97491505+drew-falk@users.noreply.github.com
drew-falk,acme-platform/core-store,2026-03-12,97491505+drew-falk@users.noreply.github.com
reese-park,copperhill-systems/pipeline-processor,2026-03-25,98851101+reese-park@users.noreply.github.com
