"date","username","product","sku","model","quantity","unit_type","applied_cost_per_quantity","gross_amount","discount_amount","net_amount","exceeds_quota","total_monthly_quota","organization","cost_center_name","total_input_tokens","total_output_tokens","total_cache_creation_tokens","total_cache_read_tokens"
"2026-02-01","hirthe-grant-trivi","copilot","copilot_premium_request","GPT-5.2","84","requests","0.04","3.36000000000001","3.36000000000001","0","False","1000","aperture-labs","devex","338744","24840","0","0"
"2026-02-01","wilkinson-short","copilot","copilot_premium_request","Claude Opus 4.5","87","requests","0.04","3.48","3.48","0","False","1000","umbrella-corp","frontend-guild","374348","2202","1933540","755086"
"2026-02-01","onlineMosciski","copilot","copilot_premium_request","Claude Opus 4.6","77","requests","0.04","3.07999999999999","3.07999999999999","0","False","1000","cyberdyne-sys","","166226","13204","178602","1916896"
"2026-02-01","eve93","copilot","copilot_premium_request","Claude Opus 4.5","120","requests","0.04","4.8","4.8","0","False","1000","vandelay-industries","cloud-native","136147","20082","627049","3237981"
"2026-02-01","opticalMorar","copilot","copilot_premium_request","Gemini 3 Pro","71","requests","0.04","2.83999999999999","2.83999999999999","0","False","1000","cyberdyne-sys","frontend-guild","319877","22411","0","0"
"2026-02-01","shayna52","copilot","copilot_premium_request","Gemini 3 Pro","14","requests","0.04","0.559999999999982","0.559999999999982","0","False","1000","umbrella-corp","","48700","44385","0","0"
"2026-02-01","greenholt-stron","copilot","copilot_premium_request","Claude Opus 4.6","132","requests","0.04","5.28000000000002","5.28000000000002","0","False","1000","acme-corp","security-ops","307281","17021","3046541","278028"
"2026-02-01","murazik-mealy","copilot","copilot_premium_request","GPT-5.2","73","requests","0.04","2.92000000000001","2.92000000000001","0","False","1000","wonka-factory","","47583","29528","0","0"
"2026-02-01","redundantLuettgen-Ru","copilot","copilot_premium_request","Gemini 2.5 Pro","138","requests","0.04","5.52000000000002","5.52000000000002","0","False","1000","dunder-mifflin-tech","frontend-guild","178368","6133","0","153030"
"2026-02-01","brett64","copilot","copilot_premium_request","Gemini 2.5 Pro","17","requests","0.04","0.679999999999998","0.679999999999998","0","False","1000","prestige-worldwide","cloud-native","118190","8290","0","69379"
"2026-02-01","abigail22","copilot","copilot_premium_request","Claude Haiku 4.5","96","requests","0.04","3.84","3.84","0","False","1000","oscorp","cloud-native","27183","27327","928372","1414635"
"2026-02-01","kearaledner2","copilot","copilot_premium_request","Gemini 2.5 Pro","129","requests","0.04","5.16000000000001","5.16000000000001","0","False","300","daily-planet-dev","platform-team","87361","37727","0","0"
"2026-02-01","myrnagraham","copilot","copilot_premium_request","Claude Opus 4.6","93","requests","0.04","3.71999999999998","3.71999999999998","0","False","1000","Bluth-Company","","12491","1619","1868976","2171322"
"2026-02-01","solidstateKuvalis","copilot","copilot_premium_request","GPT-5.2","178","requests","0.04","7.11999999999999","7.11999999999999","0","False","1000","daily-planet-dev","","62627","49746","0","0"
"2026-02-02","murazik-mealy","copilot","copilot_premium_request","Gemini 2.5 Pro","120","requests","0.04","4.79999999999999","4.79999999999999","0","False","1000","dunder-mifflin-tech","","199159","1869","0","47926"
"2026-02-02","redundantLuettgen-Ru","copilot","copilot_premium_request","Claude Haiku 4.5","11","requests","0.04","0.440000000000018","0.440000000000018","0","False","1000","oscorp","","26405","49890","1602924","3250249"
"2026-02-02","josue79","copilot","copilot_premium_request","GPT-5.1","117","requests","0.04","4.68","4.68","0","False","1000","vandelay-industries","cloud-native","331919","31847","0","0"
"2026-02-02","abigail22","copilot","copilot_premium_request","GPT-5.2","8","requests","0.04","0.319999999999982","0.319999999999982","0","False","1000","piedpiper","","208799","34246","0","0"
"2026-02-02","suzanne_hahn54","copilot","copilot_premium_request","Claude Haiku 4.5","140","requests","0.04","5.6","5.6","0","False","1000","hooli","security-ops","108731","26944","3503885","1146894"
"2026-02-02","virtualGottlieb","copilot","copilot_premium_request","Claude Opus 4.5","171","requests","0.04","6.83999999999998","6.83999999999998","0","False","1000","aperture-labs","frontend-guild","220056","1779","1031546","1518725"
"2026-02-02","heller-venge","copilot","copilot_premium_request","GPT-5.1","36","requests","0.04","1.44000000000001","1.44000000000001","0","False","1000","hooli","cloud-native","248686","11666","0","117789"
"2026-02-02","onlineMosciski","copilot","copilot_premium_request","Claude Sonnet 4.5","193","requests","0.04","7.72","7.72","0","False","1000","umbrella-corp","","98212","15828","3197451","3179745"
"2026-02-02","primaryMetz","copilot","copilot_premium_request","Gemini 2.5 Pro","142","requests","0.04","5.67999999999999","5.67999999999999","0","False","1000","oscorp","","41093","48063","0","192025"
"2026-02-02","opticalMorar","copilot","copilot_premium_request","Gemini 3 Pro","142","requests","0.04","5.67999999999999","5.67999999999999","0","False","1000","starkindustries","compliance","41355","16475","0","0"
"2026-02-02","shayna52","copilot","copilot_premium_request","Claude Sonnet 4.6","172","requests","0.04","6.88000000000001","6.88000000000001","0","False","1000","hooli","devex","81330","188","985839","2249878"
"2026-02-02","open-sourceTerry","copilot","copilot_premium_request","GPT-5","108","requests","0.04","4.32000000000001","4.32000000000001","0","False","1000","globex-inc","","138779","27312","0","0"
"2026-02-02","hirthe-grant-trivi","copilot","copilot_premium_request","GPT-5.2","25","requests","0.04","0.999999999999992","0.999999999999992","0","False","1000","waynetech","","373512","32398","0","0"
"2026-02-02","jennieconn","copilot","copilot_premium_request","Gemini 3 Pro","23","requests","0.04","0.920000000000018","0.920000000000018","0","False","1000","wonka-factory","","387156","12386","0","0"
"2026-02-03","murazik-mealy","copilot","copilot_premium_request","GPT-5.1","98","requests","0.04","3.91999999999999","3.91999999999999","0","False","300","springfield-nuclear","cloud-native","59321","41933","0","0"
"2026-02-03","back-endGerlach","copilot","copilot_premium_request","Claude Opus 4.6","3","requests","0.04","0.12000000000001","0.12000000000001","0","False","1000","globex-inc","devex","259728","1066","1960801","1708693"
"2026-02-03","jennieconn","copilot","copilot_premium_request","Gemini 3 Pro","92","requests","0.04","3.67999999999999","3.67999999999999","0","False","1000","wonka-factory","ml-infra","366379","32846","0","48931"
"2026-02-03","open-sourceTerry","copilot","copilot_premium_request","GPT-5.2","74","requests","0.04","2.96","2.96","0","False","1000","cyberdyne-sys","ml-infra","344792","11613","0","52614"
"2026-02-03","mobileBrakus","copilot","copilot_premium_request","GPT-5.2","25","requests","0.04","1.00000000000002","1.00000000000002","0","False","300","oscorp","","42498","31550","0","0"
"2026-02-03","douglas43","copilot","copilot_premium_request","Claude Sonnet 4.6","33","requests","0.04","1.31999999999998","1.31999999999998","0","False","1000","piedpiper","frontend-guild","188720","42006","704598","3087523"
"2026-02-03","myrnagraham","copilot","copilot_premium_request","Claude Haiku 4.5","39","requests","0.04","1.56000000000002","1.56000000000002","0","False","300","oscorp","","44418","45393","2232414","2664096"
"2026-02-03","toney60","copilot","copilot_premium_request","Claude Opus 4.6","111","requests","0.04","4.43999999999998","4.43999999999998","0","False","1000","cyberdyne-sys","","164107","14274","3331869","2883148"
"2026-02-03","mueller-tough","copilot","copilot_premium_request","Claude Sonnet 4.6","183","requests","0.04","7.32","7.32","0","False","300","starkindustries","","17111","21424","3605394","2268605"
"2026-02-04","larue24","copilot","copilot_premium_request","Claude Opus 4.5","77","requests","0.04","3.08000000000002","3.08000000000002","0","False","1000","hooli","","59695","18735","390945","3401721"
"2026-02-04","greenholt-stron","copilot","copilot_premium_request","Gemini 2.5 Pro","195","requests","0.04","7.79999999999999","7.79999999999999","0","False","1000","oscorp","cloud-native","68979","3990","0","120593"
"2026-02-04","myrnagraham","copilot","copilot_premium_request","Claude Haiku 4.5","197","requests","0.04","7.88","7.88","0","False","1000","piedpiper","devex","101518","36982","2543229","1484080"
"2026-02-04","conrad13","copilot","copilot_premium_request","GPT-5.1","122","requests","0.04","4.88","4.88","0","False","1000","acme-corp","security-ops","187090","9982","0","0"
"2026-02-04","hirthe-grant-trivi","copilot","copilot_premium_request","Claude Sonnet 4.6","24","requests","0.04","0.960000000000003","0.960000000000003","0","False","300","Bluth-Company","","313883","19823","2766698","1160241"
"2026-02-04","florence_medhurst","copilot","copilot_premium_request","Claude Opus 4.5","195","requests","0.04","7.80000000000001","7.80000000000001","0","False","1000","starkindustries","","285448","11921","3713477","935242"
"2026-02-04","mobileStehr-Grimes","copilot","copilot_premium_request","Gemini 3 Pro","140","requests","0.04","5.60000000000002","5.60000000000002","0","False","1000","daily-planet-dev","compliance","313557","38991","0","0"
"2026-02-04","toney60","copilot","copilot_premium_request","Claude Opus 4.6","65","requests","0.04","2.6","2.6","0","False","1000","oscorp","data-eng","71907","6421","2704553","3091937"
"2026-02-04","suzanne_hahn54","copilot","copilot_premium_request","Claude Haiku 4.5","117","requests","0.04","4.68","4.68","0","False","1000","springfield-nuclear","compliance","45217","19936","3276814","2452606"
"2026-02-04","geneva94","copilot","copilot_premium_request","Gemini 3 Pro","25","requests","0.04","1","1","0","False","1000","springfield-nuclear","frontend-guild","245197","16309","0","0"
"2026-02-04","cross-platformGraham","copilot","copilot_premium_request","Claude Opus 4.6","172","requests","0.04","6.87999999999999","6.87999999999999","0","False","1000","soylent-corp","platform-team","377249","18020","230740","2352801"
"2026-02-04","onlineMosciski","copilot","copilot_premium_request","GPT-5.2","17","requests","0.04","0.680000000000019","0.680000000000019","0","False","300","Bluth-Company","","212977","34181","0","0"
"2026-02-04","virtualGottlieb","copilot","copilot_premium_request","GPT-5.1","4","requests","0.04","0.160000000000005","0.160000000000005","0","False","1000","aperture-labs","","52970","15990","0","0"
"2026-02-04","bluetoothBayer","copilot","copilot_premium_request","Gemini 3 Pro","162","requests","0.04","6.48","6.48","0","False","300","piedpiper","","130527","10449","0","123560"
"2026-02-04","andy48","copilot","copilot_premium_request","GPT-5","99","requests","0.04","3.96000000000001","3.96000000000001","0","False","300","globex-inc","platform-team","113316","18440","0","0"
"2026-02-04","primaryMetz","copilot","copilot_premium_request","Claude Haiku 4.5","173","requests","0.04","6.92000000000001","6.92000000000001","0","False","300","cyberdyne-sys","compliance","23984","34029","3973279","1423182"
"2026-02-04","brett64","copilot","copilot_premium_request","Claude Haiku 4.5","61","requests","0.04","2.44000000000002","2.44000000000002","0","False","1000","dunder-mifflin-tech","frontend-guild","108071","9725","1936369","145445"
"2026-02-05","ludiemante36","copilot","copilot_premium_request","GPT-5","149","requests","0.04","5.95999999999998","5.95999999999998","0","False","1000","piedpiper","frontend-guild","209220","22532","0","190988"
"2026-02-05","mueller-tough","copilot","copilot_premium_request","Gemini 3 Pro","190","requests","0.04","7.60000000000001","7.60000000000001","0","False","1000","acme-corp","frontend-guild","322823","36725","0","0"
"2026-02-05","lorena30","copilot","copilot_premium_request","Claude Haiku 4.5","7","requests","0.04","0.280000000000009","0.280000000000009","0","False","1000","cyberdyne-sys","cloud-native","163310","36811","3586516","3449441"
"2026-02-05","geneva94","copilot","copilot_premium_request","Gemini 3 Pro","108","requests","0.04","4.31999999999999","4.31999999999999","0","False","1000","daily-planet-dev","frontend-guild","263535","40879","0","0"
"2026-02-05","digitalMcLaughlin","copilot","copilot_premium_request","Claude Sonnet 4.5","130","requests","0.04","5.20000000000002","5.20000000000002","0","False","300","acme-corp","platform-team","215628","19029","3593715","1708804"
"2026-02-05","abigail22","copilot","copilot_premium_request","Gemini 3 Pro","110","requests","0.04","4.4","4.4","0","False","1000","daily-planet-dev","devex","354268","12994","0","39298"
"2026-02-05","douglas43","copilot","copilot_premium_request","Claude Sonnet 4.6","167","requests","0.04","6.68","6.68","0","False","1000","springfield-nuclear","","58677","9729","3573850","424809"
"2026-02-05","eve93","copilot","copilot_premium_request","GPT-5.2","20","requests","0.04","0.799999999999992","0.799999999999992","0","False","1000","globex-inc","data-eng","10229","16051","0","0"
"2026-02-05","larue24","copilot","copilot_premium_request","GPT-5.1","66","requests","0.04","2.64000000000001","2.64000000000001","0","False","1000","soylent-corp","","68263","11728","0","121496"
"2026-02-05","redundantLuettgen-Ru","copilot","copilot_premium_request","GPT-5.1","41","requests","0.04","1.64000000000002","1.64000000000002","0","False","1000","globex-inc","devex","7162","47759","0","0"
"2026-02-06","mueller-tough","copilot","copilot_premium_request","Claude Opus 4.6","5","requests","0.04","0.200000000000008","0.200000000000008","0","False","300","vandelay-industries","frontend-guild","136119","14270","1287911","2493726"
"2026-02-06","redundantLuettgen-Ru","copilot","copilot_premium_request","Gemini 2.5 Pro","163","requests","0.04","6.52000000000001","6.52000000000001","0","False","300","vandelay-industries","frontend-guild","361695","2979","0","0"
"2026-02-06","toney60","copilot","copilot_premium_request","GPT-5.1","171","requests","0.04","6.83999999999999","6.83999999999999","0","False","1000","initech","","375676","7349","0","0"
"2026-02-06","suzanne_hahn54","copilot","copilot_premium_request","Claude Sonnet 4.6","144","requests","0.04","5.76000000000001","5.76000000000001","0","False","1000","springfield-nuclear","","76984","40694","1710365","3216012"
"2026-02-06","back-endGerlach","copilot","copilot_premium_request","Gemini 2.5 Pro","46","requests","0.04","1.83999999999999","1.83999999999999","0","False","1000","vandelay-industries","cloud-native","346160","34534","0","87915"
"2026-02-06","solidstateKuvalis","copilot","copilot_premium_request","Claude Opus 4.6","116","requests","0.04","4.64","4.64","0","False","300","waynetech","","123566","33283","2173521","3375607"
"2026-02-06","mobileStehr-Grimes","copilot","copilot_premium_request","GPT-5.1","47","requests","0.04","1.87999999999999","1.87999999999999","0","False","1000","hooli","platform-team","170930","39928","0","82430"
"2026-02-06","heller-venge","copilot","copilot_premium_request","GPT-5.2","89","requests","0.04","3.56","3.56","0","False","1000","acme-corp","platform-team","305434","33250","0","112885"
"2026-02-06","wilkinson-short","copilot","copilot_premium_request","Claude Sonnet 4.5","147","requests","0.04","5.87999999999998","5.87999999999998","0","False","1000","acme-corp","devex","313978","3352","1471743","3880156"
"2026-02-06","josue79","copilot","copilot_premium_request","Claude Haiku 4.5","75","requests","0.04","2.99999999999999","2.99999999999999","0","False","1000","daily-planet-dev","cloud-native","118698","21064","2271039","1950229"
"2026-02-06","digitalMcLaughlin","copilot","copilot_premium_request","Gemini 3 Pro","152","requests","0.04","6.07999999999999","6.07999999999999","0","False","1000","umbrella-corp","ml-infra","258074","24490","0","76802"
"2026-02-06","bluetoothBayer","copilot","copilot_premium_request","GPT-5.1","46","requests","0.04","1.84000000000001","1.84000000000001","0","False","1000","cyberdyne-sys","ml-infra","52922","49268","0","0"
"2026-02-06","mobileBrakus","copilot","copilot_premium_request","GPT-5","94","requests","0.04","3.76000000000002","3.76000000000002","0","False","1000","waynetech","","118743","33570","0","160192"
"2026-02-06","cross-platformGraham","copilot","copilot_premium_request","Claude Opus 4.5","76","requests","0.04","3.04000000000001","3.04000000000001","0","False","1000","daily-planet-dev","","82707","30389","2547272","1942810"
"2026-02-06","jeremy11","copilot","copilot_premium_request","Claude Opus 4.6","138","requests","0.04","5.52","5.52","0","False","1000","daily-planet-dev","","24222","20116","1177139","3415723"
"2026-02-06","open-sourceTerry","copilot","copilot_premium_request","Claude Opus 4.5","89","requests","0.04","3.56000000000002","3.56000000000002","0","False","300","daily-planet-dev","","276421","35437","2741540","2450292"
"2026-02-06","kearaledner2","copilot","copilot_premium_request","Gemini 3 Pro","78","requests","0.04","3.12000000000001","3.12000000000001","0","False","1000","dunder-mifflin-tech","frontend-guild","291387","8304","0","192767"
"2026-02-07","heller-venge","copilot","copilot_premium_request","Claude Sonnet 4.6","12","requests","0.04","0.479999999999991","0.479999999999991","0","False","1000","waynetech","data-eng","375112","34513","1032056","3625238"
"2026-02-07","mobileBrakus","copilot","copilot_premium_request","Claude Sonnet 4.6","69","requests","0.04","2.75999999999998","2.75999999999998","0","False","300","daily-planet-dev","security-ops","105746","14259","1536475","2675842"
"2026-02-07","hirthe-grant-trivi","copilot","copilot_premium_request","GPT-5","22","requests","0.04","0.879999999999991","0.879999999999991","0","False","1000","dunder-mifflin-tech","platform-team","333755","40587","0","0"
"2026-02-07","franco97","copilot","copilot_premium_request","Gemini 2.5 Pro","145","requests","0.04","5.79999999999998","5.79999999999998","0","False","1000","soylent-corp","","223198","6627","0","0"
"2026-02-07","farrell-punct","copilot","copilot_premium_request","GPT-5","46","requests","0.04","1.84","1.84","0","False","300","vandelay-industries","platform-team","20169","43174","0","0"
"2026-02-07","shayna52","copilot","copilot_premium_request","Gemini 2.5 Pro","59","requests","0.04","2.36000000000002","2.36000000000002","0","False","1000","globex-inc","devex","128048","10028","0","0"
"2026-02-07","ludiemante36","copilot","copilot_premium_request","Claude Opus 4.6","4","requests","0.04","0.160000000000015","0.160000000000015","0","False","1000","springfield-nuclear","","45919","32241","187037","598461"
"2026-02-07","bluetoothBayer","copilot","copilot_premium_request","GPT-5.2","56","requests","0.04","2.24000000000002","2.24000000000002","0","False","1000","Bluth-Company","devex","357604","35014","0","0"
"2026-02-07","josue79","copilot","copilot_premium_request","Claude Sonnet 4.5","182","requests","0.04","7.28000000000002","7.28000000000002","0","False","1000","daily-planet-dev","","221","25909","2883090","1475368"
"2026-02-07","kearaledner2","copilot","copilot_premium_request","Claude Sonnet 4.6","131","requests","0.04","5.24000000000002","5.24000000000002","0","False","1000","dunder-mifflin-tech","compliance","45124","4263","32634","3372989"
"2026-02-07","myrnagraham","copilot","copilot_premium_request","Gemini 3 Pro","4","requests","0.04","0.159999999999988","0.159999999999988","0","False","1000","prestige-worldwide","security-ops","66495","34840","0","0"
"2026-02-07","opticalMorar","copilot","copilot_premium_request","GPT-5.1","178","requests","0.04","7.11999999999998","7.11999999999998","0","False","1000","piedpiper","cloud-native","269799","4461","0","2109"
"2026-02-07","geneva94","copilot","copilot_premium_request","Claude Opus 4.6","25","requests","0.04","1.00000000000001","1.00000000000001","0","False","1000","waynetech","cloud-native","181048","29925","1008999","32678"
"2026-02-08","andy48","copilot","copilot_premium_request","Gemini 2.5 Pro","58","requests","0.04","2.31999999999998","2.31999999999998","0","False","300","aperture-labs","compliance","371609","35512","0","0"
"2026-02-08","jeremy11","copilot","copilot_premium_request","Claude Opus 4.6","88","requests","0.04","3.52","3.52","0","False","1000","wonka-factory","security-ops","383376","39942","726833","2195334"
"2026-02-08","suzanne_hahn54","copilot","copilot_premium_request","GPT-5.1","57","requests","0.04","2.28000000000001","2.28000000000001","0","False","1000","wonka-factory","data-eng","266111","28905","0","169873"
"2026-02-08","digitalMcLaughlin","copilot","copilot_premium_request","GPT-5.1","35","requests","0.04","1.39999999999998","1.39999999999998","0","False","1000","wonka-factory","platform-team","253270","23784","0","0"
"2026-02-08","abigail22","copilot","copilot_premium_request","Claude Opus 4.6","12","requests","0.04","0.479999999999994","0.479999999999994","0","False","1000","globex-inc","ml-infra","153274","25959","3187619","3219604"
"2026-02-08","myrnagraham","copilot","copilot_premium_request","Gemini 3 Pro","111","requests","0.04","4.43999999999999","4.43999999999999","0","False","300","waynetech","security-ops","207249","5847","0","45575"
"2026-02-08","eve93","copilot","copilot_premium_request","Claude Sonnet 4.5","146","requests","0.04","5.84000000000002","5.84000000000002","0","False","1000","globex-inc","platform-team","289669","34568","2572432","389140"
"2026-02-08","franco97","copilot","copilot_premium_request","Claude Sonnet 4.5","161","requests","0.04","6.44000000000001","6.44000000000001","0","False","1000","piedpiper","devex","322463","14286","2465445","110638"
"2026-02-08","farrell-punct","copilot","copilot_premium_request","Claude Opus 4.5","150","requests","0.04","5.99999999999999","5.99999999999999","0","False","1000","massive-dynamic","security-ops","224108","25993","2293966","3974626"
"2026-02-08","lorena30","copilot","copilot_premium_request","Gemini 3 Pro","154","requests","0.04","6.16000000000001","6.16000000000001","0","False","1000","massive-dynamic","frontend-guild","353769","25300","0","0"
"2026-02-08","geneva94","copilot","copilot_premium_request","Claude Haiku 4.5","44","requests","0.04","1.76","1.76","0","False","300","initech","cloud-native","58645","4701","1144150","1331523"
"2026-02-08","primaryMetz","copilot","copilot_premium_request","Claude Haiku 4.5","159","requests","0.04","6.36000000000001","6.36000000000001","0","False","1000","vandelay-industries","","288536","10254","2878715","758313"
"2026-02-08","conrad13","copilot","copilot_premium_request","GPT-5.1","29","requests","0.04","1.16","1.16","0","False","300","globex-inc","","294899","4835","0","155543"
"2026-02-08","opticalMorar","copilot","copilot_premium_request","Claude Opus 4.5","109","requests","0.04","4.36","4.36","0","False","1000","piedpiper","","317517","44800","2224703","3449328"
"2026-02-08","ludiemante36","copilot","copilot_premium_request","GPT-5.2","33","requests","0.04","1.31999999999998","1.31999999999998","0","False","1000","dunder-mifflin-tech","compliance","284514","44504","0","182017"
"2026-02-08","greenholt-stron","copilot","copilot_premium_request","Claude Opus 4.6","135","requests","0.04","5.40000000000001","5.40000000000001","0","False","1000","massive-dynamic","cloud-native","16323","4867","3639660","2357521"
"2026-02-08","bluetoothBayer","copilot","copilot_premium_request","GPT-5.2","101","requests","0.04","4.04000000000002","4.04000000000002","0","False","1000","soylent-corp","","369669","17259","0","0"
"2026-02-08","onlineMosciski","copilot","copilot_premium_request","Gemini 2.5 Pro","92","requests","0.04","3.68000000000002","3.68000000000002","0","False","1000","globex-inc","","323089","34427","0","0"
"2026-02-08","douglas43","copilot","copilot_premium_request","Claude Opus 4.6","44","requests","0.04","1.76000000000001","1.76000000000001","0","False","300","aperture-labs","","182603","25507","2965008","1396439"
"2026-02-08","brett64","copilot","copilot_premium_request","Claude Opus 4.5","111","requests","0.04","4.44000000000002","4.44000000000002","0","False","1000","aperture-labs","ml-infra","340898","45798","1330391","1613466"
"2026-02-09","douglas43","copilot","copilot_premium_request","Gemini 3 Pro","62","requests","0.04","2.47999999999998","2.47999999999998","0","False","1000","umbrella-corp","","281034","6757","0","0"
"2026-02-09","conrad13","copilot","copilot_premium_request","GPT-5.1","167","requests","0.04","6.67999999999999","6.67999999999999","0","False","1000","Bluth-Company","devex","387372","28767","0","0"
"2026-02-09","myrnagraham","copilot","copilot_premium_request","Claude Sonnet 4.5","36","requests","0.04","1.44","1.44","0","False","1000","massive-dynamic","security-ops","200974","2781","3872805","2976944"
"2026-02-09","redundantLuettgen-Ru","copilot","copilot_premium_request","Claude Opus 4.5","142","requests","0.04","5.68","5.68","0","False","1000","massive-dynamic","frontend-guild","53674","12220","1824786","1521177"
"2026-02-09","florence_medhurst","copilot","copilot_premium_request","Claude Opus 4.6","199","requests","0.04","7.96000000000002","7.96000000000002","0","False","1000","soylent-corp","devex","44389","45921","649957","1173776"
"2026-02-09","heller-venge","copilot","copilot_premium_request","Claude Haiku 4.5","58","requests","0.04","2.32","2.32","0","False","1000","springfield-nuclear","","234277","23228","2151793","3287675"
"2026-02-09","jeremy11","copilot","copilot_premium_request","Claude Opus 4.5","104","requests","0.04","4.16000000000002","4.16000000000002","0","False","300","wonka-factory","","325520","29847","2487300","3290782"
"2026-02-09","josue79","copilot","copilot_premium_request","GPT-5.1","59","requests","0.04","2.35999999999998","2.35999999999998","0","False","300","globex-inc","","273151","7883","0","0"
"2026-02-09","wilkinson-short","copilot","copilot_premium_request","GPT-5.1","76","requests","0.04","3.04000000000002","3.04000000000002","0","False","1000","daily-planet-dev","","208199","46700","0","95313"
"2026-02-09","toney60","copilot","copilot_premium_request","Claude Opus 4.6","119","requests","0.04","4.75999999999998","4.75999999999998","0","False","1000","wonka-factory","compliance","166058","24381","1362370","1065759"
"2026-02-09","kearaledner2","copilot","copilot_premium_request","Gemini 2.5 Pro","16","requests","0.04","0.640000000000015","0.640000000000015","0","False","1000","massive-dynamic","security-ops","125824","12217","0","79573"
"2026-02-09","shayna52","copilot","copilot_premium_request","Claude Haiku 4.5","78","requests","0.04","3.12","3.12","0","False","1000","massive-dynamic","cloud-native","60877","27777","1198616","2460479"
"2026-02-09","digitalMcLaughlin","copilot","copilot_premium_request","GPT-5","43","requests","0.04","1.71999999999998","1.71999999999998","0","False","1000","waynetech","cloud-native","228673","49843","0","17745"
"2026-02-09","opticalMorar","copilot","copilot_premium_request","GPT-5.1","108","requests","0.04","4.31999999999999","4.31999999999999","0","False","1000","prestige-worldwide","","183862","4747","0","0"
"2026-02-09","mueller-tough","copilot","copilot_premium_request","Claude Opus 4.6","162","requests","0.04","6.48","6.48","0","False","1000","daily-planet-dev","","7608","36865","3151655","151540"
"2026-02-09","murazik-mealy","copilot","copilot_premium_request","Claude Sonnet 4.6","180","requests","0.04","7.2","7.2","0","False","1000","initech","frontend-guild","159499","25215","1254042","3604940"
"2026-02-09","suzanne_hahn54","copilot","copilot_premium_request","Claude Haiku 4.5","166","requests","0.04","6.64000000000001","6.64000000000001","0","False","300","piedpiper","frontend-guild","46732","41096","1394499","993235"
"2026-02-09","cross-platformGraham","copilot","copilot_premium_request","GPT-5","173","requests","0.04","6.92000000000001","6.92000000000001","0","False","1000","Bluth-Company","ml-infra","277264","24442","0","0"
"2026-02-09","farrell-punct","copilot","copilot_premium_request","GPT-5.2","166","requests","0.04","6.63999999999998","6.63999999999998","0","False","1000","Bluth-Company","data-eng","282349","49860","0","0"
"2026-02-09","mobileBrakus","copilot","copilot_premium_request","Claude Sonnet 4.5","177","requests","0.04","7.08000000000001","7.08000000000001","0","False","300","massive-dynamic","","217938","47545","2673644","2220166"
"2026-02-10","conrad13","copilot","copilot_premium_request","Claude Opus 4.6","140","requests","0.04","5.59999999999999","5.59999999999999","0","False","1000","wonka-factory","frontend-guild","134368","44524","2036174","3893346"
"2026-02-10","digitalMcLaughlin","copilot","copilot_premium_request","Claude Opus 4.5","149","requests","0.04","5.95999999999999","5.95999999999999","0","False","1000","springfield-nuclear","compliance","338977","12538","990593","2399532"
"2026-02-10","virtualGottlieb","copilot","copilot_premium_request","GPT-5.1","157","requests","0.04","6.28000000000001","6.28000000000001","0","False","1000","Bluth-Company","data-eng","397602","24573","0","18944"
"2026-02-10","toney60","copilot","copilot_premium_request","Claude Opus 4.5","76","requests","0.04","3.04000000000001","3.04000000000001","0","False","1000","piedpiper","data-eng","61646","41298","118054","2864951"
"2026-02-10","shayna52","copilot","copilot_premium_request","Gemini 3 Pro","22","requests","0.04","0.880000000000003","0.880000000000003","0","False","1000","cyberdyne-sys","","142342","40954","0","118309"
"2026-02-10","suzanne_hahn54","copilot","copilot_premium_request","Gemini 3 Pro","142","requests","0.04","5.67999999999999","5.67999999999999","0","False","1000","massive-dynamic","compliance","277367","17803","0","30615"
"2026-02-10","douglas43","copilot","copilot_premium_request","Gemini 2.5 Pro","135","requests","0.04","5.40000000000002","5.40000000000002","0","False","1000","waynetech","compliance","172544","4798","0","0"
"2026-02-10","andy48","copilot","copilot_premium_request","GPT-5.1","185","requests","0.04","7.40000000000002","7.40000000000002","0","False","1000","prestige-worldwide","","82453","6202","0","0"
"2026-02-10","primaryMetz","copilot","copilot_premium_request","Gemini 3 Pro","34","requests","0.04","1.36000000000002","1.36000000000002","0","False","1000","aperture-labs","","250806","48046","0","0"
"2026-02-10","larue24","copilot","copilot_premium_request","Claude Haiku 4.5","118","requests","0.04","4.72000000000001","4.72000000000001","0","False","300","cyberdyne-sys","security-ops","27415","5794","692026","722688"
"2026-02-10","lorena30","copilot","copilot_premium_request","GPT-5.2","108","requests","0.04","4.32000000000001","4.32000000000001","0","False","1000","initech","data-eng","231899","42016","0","92865"
"2026-02-10","hirthe-grant-trivi","copilot","copilot_premium_request","Gemini 3 Pro","123","requests","0.04","4.92000000000002","4.92000000000002","0","False","1000","piedpiper","data-eng","214194","14812","0","68200"
"2026-02-10","greenholt-stron","copilot","copilot_premium_request","GPT-5.2","177","requests","0.04","7.07999999999999","7.07999999999999","0","False","1000","initech","","195198","29583","0","0"
"2026-02-10","solidstateKuvalis","copilot","copilot_premium_request","GPT-5.1","143","requests","0.04","5.72000000000001","5.72000000000001","0","False","300","umbrella-corp","devex","76896","17951","0","145622"
"2026-02-10","farrell-punct","copilot","copilot_premium_request","GPT-5.1","114","requests","0.04","4.55999999999998","4.55999999999998","0","False","300","prestige-worldwide","data-eng","33953","49270","0","0"
"2026-02-10","cross-platformGraham","copilot","copilot_premium_request","Claude Haiku 4.5","198","requests","0.04","7.91999999999998","7.91999999999998","0","False","1000","hooli","","267501","1626","932481","2937304"
"2026-02-10","franco97","copilot","copilot_premium_request","GPT-5","157","requests","0.04","6.27999999999998","6.27999999999998","0","False","1000","globex-inc","frontend-guild","398068","5105","0","0"
"2026-02-10","bluetoothBayer","copilot","copilot_premium_request","Gemini 3 Pro","180","requests","0.04","7.20000000000002","7.20000000000002","0","False","1000","starkindustries","","46610","44173","0","0"
"2026-02-10","ludiemante36","copilot","copilot_premium_request","Gemini 3 Pro","189","requests","0.04","7.56000000000001","7.56000000000001","0","False","1000","vandelay-industries","platform-team","299432","38221","0","90093"
"2026-02-10","jennieconn","copilot","copilot_premium_request","Gemini 3 Pro","121","requests","0.04","4.84000000000002","4.84000000000002","0","False","1000","wonka-factory","ml-infra","249937","6089","0","0"
"2026-02-11","geneva94","copilot","copilot_premium_request","GPT-5","94","requests","0.04","3.76000000000001","3.76000000000001","0","False","1000","globex-inc","","224239","42484","0","0"
"2026-02-11","douglas43","copilot","copilot_premium_request","GPT-5","108","requests","0.04","4.31999999999999","4.31999999999999","0","False","300","umbrella-corp","platform-team","399930","40205","0","154615"
"2026-02-11","open-sourceTerry","copilot","copilot_premium_request","GPT-5","83","requests","0.04","3.32000000000001","3.32000000000001","0","False","300","piedpiper","","349969","49232","0","31766"
"2026-02-11","opticalMorar","copilot","copilot_premium_request","Gemini 3 Pro","55","requests","0.04","2.20000000000002","2.20000000000002","0","False","1000","waynetech","","316281","16550","0","0"
"2026-02-11","suzanne_hahn54","copilot","copilot_premium_request","Claude Opus 4.6","8","requests","0.04","0.32000000000002","0.32000000000002","0","False","1000","globex-inc","frontend-guild","386548","25421","3576420","1000168"
"2026-02-11","franco97","copilot","copilot_premium_request","Claude Sonnet 4.5","159","requests","0.04","6.35999999999998","6.35999999999998","0","False","1000","initech","","351871","33855","842126","3322158"
"2026-02-11","redundantLuettgen-Ru","copilot","copilot_premium_request","Claude Sonnet 4.6","158","requests","0.04","6.32000000000001","6.32000000000001","0","False","1000","initech","frontend-guild","298558","19341","133168","1456037"
"2026-02-11","brett64","copilot","copilot_premium_request","GPT-5.2","17","requests","0.04","0.67999999999998","0.67999999999998","0","False","1000","massive-dynamic","ml-infra","142336","46378","0","0"
"2026-02-11","back-endGerlach","copilot","copilot_premium_request","GPT-5.1","192","requests","0.04","7.68","7.68","0","False","1000","aperture-labs","","313674","47615","0","0"
"2026-02-11","mueller-tough","copilot","copilot_premium_request","Gemini 3 Pro","16","requests","0.04","0.639999999999986","0.639999999999986","0","False","1000","springfield-nuclear","","310334","24935","0","36520"
"2026-02-11","mobileStehr-Grimes","copilot","copilot_premium_request","Claude Opus 4.5","51","requests","0.04","2.04","2.04","0","False","1000","massive-dynamic","platform-team","14626","42659","1281097","956289"
"2026-02-11","farrell-punct","copilot","copilot_premium_request","Claude Sonnet 4.5","83","requests","0.04","3.31999999999998","3.31999999999998","0","False","300","prestige-worldwide","","100723","48859","1219627","1820917"
"2026-02-11","primaryMetz","copilot","copilot_premium_request","Claude Opus 4.5","74","requests","0.04","2.96","2.96","0","False","1000","hooli","","291408","43207","1200146","2003598"
"2026-02-11","shayna52","copilot","copilot_premium_request","Gemini 2.5 Pro","156","requests","0.04","6.24000000000002","6.24000000000002","0","False","1000","springfield-nuclear","data-eng","94416","15245","0","0"
"2026-02-11","wilkinson-short","copilot","copilot_premium_request","Claude Sonnet 4.5","106","requests","0.04","4.24","4.24","0","False","1000","massive-dynamic","","299781","32864","1444680","2797846"
"2026-02-11","ludiemante36","copilot","copilot_premium_request","Gemini 2.5 Pro","117","requests","0.04","4.67999999999998","4.67999999999998","0","False","1000","piedpiper","cloud-native","289846","5406","0","67379"
"2026-02-11","myrnagraham","copilot","copilot_premium_request","Gemini 2.5 Pro","21","requests","0.04","0.840000000000014","0.840000000000014","0","False","1000","hooli","","47669","37420","0","113699"
"2026-02-11","onlineMosciski","copilot","copilot_premium_request","Claude Sonnet 4.6","92","requests","0.04","3.68000000000002","3.68000000000002","0","False","300","massive-dynamic","frontend-guild","66420","6457","1391072","886240"
"2026-02-11","lorena30","copilot","copilot_premium_request","Gemini 3 Pro","132","requests","0.04","5.28000000000002","5.28000000000002","0","False","1000","vandelay-industries","","51920","1044","0","0"
"2026-02-11","bluetoothBayer","copilot","copilot_premium_request","GPT-5.2","19","requests","0.04","0.759999999999983","0.759999999999983","0","False","1000","umbrella-corp","frontend-guild","324182","22808","0","148280"
"2026-02-12","onlineMosciski","copilot","copilot_premium_request","Claude Opus 4.6","46","requests","0.04","1.84","1.84","0","False","1000","piedpiper","cloud-native","52325","19433","20341","3583767"
"2026-02-12","lorena30","copilot","copilot_premium_request","Gemini 2.5 Pro","24","requests","0.04","0.959999999999991","0.959999999999991","0","False","1000","wonka-factory","cloud-native","141649","3954","0","0"
"2026-02-12","open-sourceTerry","copilot","copilot_premium_request","GPT-5.2","200","requests","0.04","7.99999999999999","7.99999999999999","0","False","1000","springfield-nuclear","","12889","36527","0","0"
"2026-02-12","digitalMcLaughlin","copilot","copilot_premium_request","Claude Sonnet 4.6","12","requests","0.04","0.480000000000018","0.480000000000018","0","False","1000","soylent-corp","platform-team","7416","23182","2061226","1233946"
"2026-02-12","geneva94","copilot","copilot_premium_request","GPT-5.2","145","requests","0.04","5.8","5.8","0","False","1000","initech","devex","52670","34925","0","0"
"2026-02-12","conrad13","copilot","copilot_premium_request","Claude Sonnet 4.5","93","requests","0.04","3.72000000000001","3.72000000000001","0","False","1000","dunder-mifflin-tech","ml-infra","323050","13099","3683490","309425"
"2026-02-12","suzanne_hahn54","copilot","copilot_premium_request","Gemini 2.5 Pro","162","requests","0.04","6.47999999999999","6.47999999999999","0","False","300","wonka-factory","frontend-guild","150821","18981","0","0"
"2026-02-12","bluetoothBayer","copilot","copilot_premium_request","GPT-5.2","14","requests","0.04","0.560000000000015","0.560000000000015","0","False","300","vandelay-industries","","190567","14410","0","0"
"2026-02-12","primaryMetz","copilot","copilot_premium_request","GPT-5.1","36","requests","0.04","1.44000000000001","1.44000000000001","0","False","1000","dunder-mifflin-tech","ml-infra","181122","33665","0","113197"
"2026-02-12","mueller-tough","copilot","copilot_premium_request","Claude Sonnet 4.6","24","requests","0.04","0.960000000000012","0.960000000000012","0","False","1000","prestige-worldwide","devex","324943","41872","3122945","234988"
"2026-02-12","franco97","copilot","copilot_premium_request","Claude Sonnet 4.6","77","requests","0.04","3.07999999999999","3.07999999999999","0","False","300","daily-planet-dev","frontend-guild","129902","43603","3354598","2409060"
"2026-02-12","hirthe-grant-trivi","copilot","copilot_premium_request","Claude Sonnet 4.5","198","requests","0.04","7.91999999999999","7.91999999999999","0","False","1000","Bluth-Company","","320169","22834","2376276","327812"
"2026-02-12","shayna52","copilot","copilot_premium_request","GPT-5.1","148","requests","0.04","5.92","5.92","0","False","1000","prestige-worldwide","","209151","5434","0","0"
"2026-02-12","virtualGottlieb","copilot","copilot_premium_request","Gemini 2.5 Pro","166","requests","0.04","6.64000000000001","6.64000000000001","0","False","1000","initech","","329945","49007","0","0"
"2026-02-12","back-endGerlach","copilot","copilot_premium_request","Claude Sonnet 4.6","162","requests","0.04","6.47999999999999","6.47999999999999","0","False","1000","aperture-labs","security-ops","65926","45118","1906794","3746618"
"2026-02-12","mobileStehr-Grimes","copilot","copilot_premium_request","Claude Haiku 4.5","8","requests","0.04","0.320000000000018","0.320000000000018","0","False","1000","aperture-labs","","348793","17958","3748593","3320646"
"2026-02-12","farrell-punct","copilot","copilot_premium_request","Gemini 2.5 Pro","163","requests","0.04","6.52000000000001","6.52000000000001","0","False","1000","cyberdyne-sys","security-ops","323932","10027","0","63493"
"2026-02-13","larue24","copilot","copilot_premium_request","Claude Sonnet 4.5","27","requests","0.04","1.07999999999999","1.07999999999999","0","False","1000","waynetech","","77475","12904","2697125","1363896"
"2026-02-13","wilkinson-short","copilot","copilot_premium_request","Gemini 2.5 Pro","182","requests","0.04","7.27999999999999","7.27999999999999","0","False","1000","soylent-corp","compliance","78291","7883","0","0"
"2026-02-13","lorena30","copilot","copilot_premium_request","Claude Haiku 4.5","137","requests","0.04","5.47999999999999","5.47999999999999","0","False","300","hooli","","183116","42710","1312421","625619"
"2026-02-13","cross-platformGraham","copilot","copilot_premium_request","Gemini 2.5 Pro","38","requests","0.04","1.52000000000001","1.52000000000001","0","False","1000","springfield-nuclear","platform-team","33732","24724","0","0"
"2026-02-13","hirthe-grant-trivi","copilot","copilot_premium_request","Claude Opus 4.5","156","requests","0.04","6.24000000000001","6.24000000000001","0","False","1000","daily-planet-dev","platform-team","36433","41951","129937","3556835"
"2026-02-13","solidstateKuvalis","copilot","copilot_premium_request","Claude Opus 4.5","123","requests","0.04","4.92000000000001","4.92000000000001","0","False","1000","soylent-corp","","396796","36126","2131596","3318415"
"2026-02-13","farrell-punct","copilot","copilot_premium_request","GPT-5","128","requests","0.04","5.12000000000002","5.12000000000002","0","False","1000","hooli","data-eng","60827","40665","0","0"
"2026-02-13","brett64","copilot","copilot_premium_request","Claude Sonnet 4.6","41","requests","0.04","1.64000000000002","1.64000000000002","0","False","1000","acme-corp","","341079","23787","2353608","521501"
"2026-02-13","conrad13","copilot","copilot_premium_request","Claude Opus 4.6","4","requests","0.04","0.159999999999995","0.159999999999995","0","False","1000","prestige-worldwide","devex","399587","42280","1739811","6055"
"2026-02-14","hirthe-grant-trivi","copilot","copilot_premium_request","Claude Opus 4.5","112","requests","0.04","4.47999999999999","4.47999999999999","0","False","1000","dunder-mifflin-tech","frontend-guild","362806","16552","1351686","3141266"
"2026-02-14","conrad13","copilot","copilot_premium_request","Gemini 3 Pro","115","requests","0.04","4.59999999999999","4.59999999999999","0","False","300","starkindustries","devex","277077","47627","0","0"
"2026-02-14","brett64","copilot","copilot_premium_request","Claude Haiku 4.5","126","requests","0.04","5.04000000000001","5.04000000000001","0","False","1000","springfield-nuclear","compliance","134508","39159","1475827","874302"
"2026-02-14","solidstateKuvalis","copilot","copilot_premium_request","Claude Sonnet 4.6","183","requests","0.04","7.32000000000002","7.32000000000002","0","False","1000","cyberdyne-sys","devex","317869","10375","948166","3737256"
"2026-02-14","andy48","copilot","copilot_premium_request","GPT-5","81","requests","0.04","3.23999999999999","3.23999999999999","0","False","1000","globex-inc","devex","266227","37066","0","0"
"2026-02-14","abigail22","copilot","copilot_premium_request","Claude Sonnet 4.6","184","requests","0.04","7.35999999999998","7.35999999999998","0","False","300","waynetech","devex","134946","39329","365930","252379"
"2026-02-14","farrell-punct","copilot","copilot_premium_request","GPT-5.1","153","requests","0.04","6.11999999999999","6.11999999999999","0","False","1000","starkindustries","security-ops","88493","12805","0","0"
"2026-02-14","murazik-mealy","copilot","copilot_premium_request","Gemini 2.5 Pro","189","requests","0.04","7.55999999999998","7.55999999999998","0","False","1000","daily-planet-dev","data-eng","317704","36779","0","0"
"2026-02-14","jeremy11","copilot","copilot_premium_request","Gemini 3 Pro","136","requests","0.04","5.44000000000001","5.44000000000001","0","False","1000","globex-inc","cloud-native","1634","20235","0","0"
"2026-02-15","solidstateKuvalis","copilot","copilot_premium_request","Gemini 2.5 Pro","22","requests","0.04","0.880000000000017","0.880000000000017","0","False","1000","piedpiper","devex","375398","49390","0","0"
"2026-02-15","toney60","copilot","copilot_premium_request","Claude Sonnet 4.6","35","requests","0.04","1.40000000000001","1.40000000000001","0","False","1000","vandelay-industries","","167919","36038","3644828","3644964"
"2026-02-15","conrad13","copilot","copilot_premium_request","Claude Haiku 4.5","146","requests","0.04","5.84000000000001","5.84000000000001","0","False","1000","acme-corp","devex","21836","6931","1792426","1414509"
"2026-02-15","opticalMorar","copilot","copilot_premium_request","GPT-5","88","requests","0.04","3.52","3.52","0","False","1000","wonka-factory","compliance","123317","20416","0","83378"
"2026-02-15","shayna52","copilot","copilot_premium_request","Claude Sonnet 4.5","116","requests","0.04","4.63999999999999","4.63999999999999","0","False","300","daily-planet-dev","devex","167837","11644","92102","324480"
"2026-02-15","andy48","copilot","copilot_premium_request","GPT-5","138","requests","0.04","5.52000000000002","5.52000000000002","0","False","300","initech","ml-infra","218765","4676","0","0"
"2026-02-15","douglas43","copilot","copilot_premium_request","Gemini 2.5 Pro","25","requests","0.04","1.00000000000001","1.00000000000001","0","False","300","starkindustries","data-eng","248321","20757","0","115214"
"2026-02-15","lorena30","copilot","copilot_premium_request","Claude Haiku 4.5","183","requests","0.04","7.32","7.32","0","False","1000","globex-inc","devex","111132","24862","3861668","2003567"
"2026-02-15","bluetoothBayer","copilot","copilot_premium_request","Claude Sonnet 4.5","44","requests","0.04","1.76","1.76","0","False","300","prestige-worldwide","","107362","27036","219336","1131245"
"2026-02-15","jeremy11","copilot","copilot_premium_request","Claude Sonnet 4.6","63","requests","0.04","2.52000000000002","2.52000000000002","0","False","1000","vandelay-industries","devex","239880","41519","770863","2355791"
"2026-02-15","josue79","copilot","copilot_premium_request","Gemini 3 Pro","43","requests","0.04","1.72000000000001","1.72000000000001","0","False","1000","oscorp","platform-team","169985","18944","0","0"
"2026-02-15","digitalMcLaughlin","copilot","copilot_premium_request","Claude Haiku 4.5","150","requests","0.04","6.00000000000001","6.00000000000001","0","False","300","umbrella-corp","devex","17674","48280","1461979","3131640"
"2026-02-15","heller-venge","copilot","copilot_premium_request","Claude Opus 4.6","168","requests","0.04","6.72000000000001","6.72000000000001","0","False","1000","cyberdyne-sys","data-eng","285049","12740","1068814","792638"
"2026-02-15","primaryMetz","copilot","copilot_premium_request","Gemini 2.5 Pro","171","requests","0.04","6.83999999999998","6.83999999999998","0","False","1000","daily-planet-dev","compliance","274332","48737","0","80731"
"2026-02-15","kearaledner2","copilot","copilot_premium_request","Claude Opus 4.5","70","requests","0.04","2.8","2.8","0","False","1000","Bluth-Company","security-ops","142000","17299","2699487","2293025"
"2026-02-15","redundantLuettgen-Ru","copilot","copilot_premium_request","Claude Sonnet 4.5","167","requests","0.04","6.68000000000002","6.68000000000002","0","False","1000","hooli","compliance","304883","36214","1949167","3087902"
"2026-02-15","farrell-punct","copilot","copilot_premium_request","GPT-5.1","127","requests","0.04","5.07999999999998","5.07999999999998","0","False","1000","piedpiper","data-eng","56607","25825","0","0"
"2026-02-15","suzanne_hahn54","copilot","copilot_premium_request","Claude Opus 4.5","7","requests","0.04","0.279999999999993","0.279999999999993","0","False","300","Bluth-Company","","74849","3148","3808355","1727872"
"2026-02-16","josue79","copilot","copilot_premium_request","Claude Opus 4.6","90","requests","0.04","3.6","3.6","0","False","1000","globex-inc","","155893","13287","2947555","3657171"
"2026-02-16","back-endGerlach","copilot","copilot_premium_request","Claude Opus 4.5","129","requests","0.04","5.16","5.16","0","False","1000","globex-inc","","65403","48318","539029","330170"
"2026-02-16","onlineMosciski","copilot","copilot_premium_request","Claude Sonnet 4.6","180","requests","0.04","7.19999999999998","7.19999999999998","0","False","1000","globex-inc","frontend-guild","257269","36823","3225452","13729"
"2026-02-16","larue24","copilot","copilot_premium_request","Claude Sonnet 4.6","57","requests","0.04","2.28","2.28","0","False","300","aperture-labs","data-eng","281594","16534","1927782","1524180"
"2026-02-16","ludiemante36","copilot","copilot_premium_request","GPT-5.2","175","requests","0.04","6.99999999999998","6.99999999999998","0","False","300","cyberdyne-sys","cloud-native","69080","33818","0","0"
"2026-02-16","hirthe-grant-trivi","copilot","copilot_premium_request","GPT-5.2","183","requests","0.04","7.32000000000002","7.32000000000002","0","False","1000","prestige-worldwide","data-eng","289012","31063","0","451"
"2026-02-16","toney60","copilot","copilot_premium_request","Claude Sonnet 4.6","34","requests","0.04","1.35999999999998","1.35999999999998","0","False","1000","cyberdyne-sys","","13459","45558","2928117","316804"
"2026-02-16","greenholt-stron","copilot","copilot_premium_request","Claude Sonnet 4.6","101","requests","0.04","4.04","4.04","0","False","1000","acme-corp","","57641","45484","281086","1172564"
"2026-02-16","mobileStehr-Grimes","copilot","copilot_premium_request","GPT-5.1","26","requests","0.04","1.04","1.04","0","False","1000","oscorp","frontend-guild","50665","8814","0","0"
"2026-02-16","kearaledner2","copilot","copilot_premium_request","Claude Opus 4.5","119","requests","0.04","4.76000000000002","4.76000000000002","0","False","300","dunder-mifflin-tech","devex","309476","49850","3912832","888822"
"2026-02-16","opticalMorar","copilot","copilot_premium_request","Claude Haiku 4.5","113","requests","0.04","4.52000000000001","4.52000000000001","0","False","1000","hooli","security-ops","225483","1363","1555583","51842"
"2026-02-16","franco97","copilot","copilot_premium_request","GPT-5","15","requests","0.04","0.600000000000008","0.600000000000008","0","False","1000","hooli","security-ops","303878","30214","0","0"
"2026-02-16","douglas43","copilot","copilot_premium_request","Claude Haiku 4.5","166","requests","0.04","6.63999999999999","6.63999999999999","0","False","1000","Bluth-Company","","44752","46971","1214852","840358"
"2026-02-16","myrnagraham","copilot","copilot_premium_request","Claude Haiku 4.5","35","requests","0.04","1.40000000000001","1.40000000000001","0","False","1000","starkindustries","cloud-native","40345","47934","950351","3119966"
"2026-02-16","abigail22","copilot","copilot_premium_request","Gemini 3 Pro","10","requests","0.04","0.399999999999978","0.399999999999978","0","False","1000","Bluth-Company","compliance","360641","26216","0","0"
"2026-02-16","lorena30","copilot","copilot_premium_request","Claude Sonnet 4.5","33","requests","0.04","1.32","1.32","0","False","1000","Bluth-Company","platform-team","330715","44584","2356036","2132923"
"2026-02-17","open-sourceTerry","copilot","copilot_premium_request","Gemini 2.5 Pro","60","requests","0.04","2.39999999999999","2.39999999999999","0","False","1000","prestige-worldwide","","122518","29564","0","44130"
"2026-02-17","florence_medhurst","copilot","copilot_premium_request","GPT-5","50","requests","0.04","2.00000000000001","2.00000000000001","0","False","1000","massive-dynamic","","290485","9203","0","0"
"2026-02-17","murazik-mealy","copilot","copilot_premium_request","GPT-5.2","159","requests","0.04","6.36000000000001","6.36000000000001","0","False","1000","vandelay-industries","frontend-guild","383292","44621","0","0"
"2026-02-17","josue79","copilot","copilot_premium_request","GPT-5.1","147","requests","0.04","5.88000000000001","5.88000000000001","0","False","1000","oscorp","devex","191289","13982","0","0"
"2026-02-17","abigail22","copilot","copilot_premium_request","Claude Opus 4.5","171","requests","0.04","6.84","6.84","0","False","1000","springfield-nuclear","","180216","5288","1128559","60523"
"2026-02-17","ludiemante36","copilot","copilot_premium_request","GPT-5","52","requests","0.04","2.07999999999999","2.07999999999999","0","False","1000","prestige-worldwide","platform-team","295785","34857","0","178507"
"2026-02-17","redundantLuettgen-Ru","copilot","copilot_premium_request","Claude Sonnet 4.6","31","requests","0.04","1.24000000000001","1.24000000000001","0","False","1000","umbrella-corp","","142583","39792","621577","2256020"
"2026-02-17","lorena30","copilot","copilot_premium_request","Claude Opus 4.5","114","requests","0.04","4.55999999999998","4.55999999999998","0","False","1000","massive-dynamic","","172229","15030","2630825","2051610"
"2026-02-17","bluetoothBayer","copilot","copilot_premium_request","Claude Sonnet 4.6","23","requests","0.04","0.92000000000002","0.92000000000002","0","False","300","starkindustries","","222288","38909","386631","1755708"
"2026-02-17","kearaledner2","copilot","copilot_premium_request","GPT-5","52","requests","0.04","2.07999999999999","2.07999999999999","0","False","300","globex-inc","","63879","16826","0","87295"
"2026-02-17","digitalMcLaughlin","copilot","copilot_premium_request","Gemini 3 Pro","121","requests","0.04","4.83999999999999","4.83999999999999","0","False","300","cyberdyne-sys","","248801","33028","0","0"
"2026-02-17","farrell-punct","copilot","copilot_premium_request","Claude Opus 4.5","159","requests","0.04","6.36","6.36","0","False","1000","umbrella-corp","","354211","41238","3185699","302345"
"2026-02-17","back-endGerlach","copilot","copilot_premium_request","GPT-5","141","requests","0.04","5.64","5.64","0","False","300","massive-dynamic","","194416","28800","0","0"
"2026-02-17","onlineMosciski","copilot","copilot_premium_request","GPT-5","28","requests","0.04","1.11999999999999","1.11999999999999","0","False","1000","dunder-mifflin-tech","data-eng","91878","24061","0","0"
"2026-02-17","jennieconn","copilot","copilot_premium_request","GPT-5.2","174","requests","0.04","6.96000000000001","6.96000000000001","0","False","300","globex-inc","","323510","1362","0","0"
"2026-02-18","douglas43","copilot","copilot_premium_request","Gemini 3 Pro","70","requests","0.04","2.79999999999999","2.79999999999999","0","False","300","springfield-nuclear","cloud-native","2569","48233","0","0"
"2026-02-18","cross-platformGraham","copilot","copilot_premium_request","GPT-5","178","requests","0.04","7.12","7.12","0","False","300","dunder-mifflin-tech","devex","312159","46766","0","0"
"2026-02-18","ludiemante36","copilot","copilot_premium_request","GPT-5.1","94","requests","0.04","3.76","3.76","0","False","300","umbrella-corp","security-ops","396530","3568","0","0"
"2026-02-18","larue24","copilot","copilot_premium_request","Claude Haiku 4.5","99","requests","0.04","3.95999999999999","3.95999999999999","0","False","1000","initech","","398640","14697","1273847","3687230"
"2026-02-18","murazik-mealy","copilot","copilot_premium_request","Gemini 2.5 Pro","155","requests","0.04","6.19999999999999","6.19999999999999","0","False","1000","oscorp","frontend-guild","95818","34062","0","0"
"2026-02-18","opticalMorar","copilot","copilot_premium_request","Gemini 2.5 Pro","64","requests","0.04","2.56","2.56","0","False","300","piedpiper","frontend-guild","89595","4163","0","107646"
"2026-02-18","digitalMcLaughlin","copilot","copilot_premium_request","Claude Sonnet 4.6","120","requests","0.04","4.79999999999998","4.79999999999998","0","False","1000","cyberdyne-sys","platform-team","183253","26440","2352431","3555184"
"2026-02-18","bluetoothBayer","copilot","copilot_premium_request","Gemini 2.5 Pro","103","requests","0.04","4.12","4.12","0","False","1000","piedpiper","devex","224219","22841","0","32327"
"2026-02-18","farrell-punct","copilot","copilot_premium_request","GPT-5.2","17","requests","0.04","0.680000000000001","0.680000000000001","0","False","1000","starkindustries","platform-team","110829","5893","0","0"
"2026-02-18","josue79","copilot","copilot_premium_request","GPT-5.2","132","requests","0.04","5.28000000000002","5.28000000000002","0","False","1000","hooli","","331073","27140","0","0"
"2026-02-18","eve93","copilot","copilot_premium_request","GPT-5.2","186","requests","0.04","7.44000000000002","7.44000000000002","0","False","1000","wonka-factory","platform-team","225357","38243","0","139179"
"2026-02-18","mobileBrakus","copilot","copilot_premium_request","GPT-5.1","45","requests","0.04","1.80000000000001","1.80000000000001","0","False","1000","piedpiper","compliance","65241","17619","0","0"
"2026-02-18","lorena30","copilot","copilot_premium_request","Gemini 2.5 Pro","71","requests","0.04","2.84","2.84","0","False","1000","cyberdyne-sys","","24473","5962","0","0"
"2026-02-18","jeremy11","copilot","copilot_premium_request","Gemini 3 Pro","12","requests","0.04","0.480000000000008","0.480000000000008","0","False","1000","daily-planet-dev","","317749","3741","0","0"
"2026-02-18","florence_medhurst","copilot","copilot_premium_request","Gemini 2.5 Pro","45","requests","0.04","1.79999999999998","1.79999999999998","0","False","300","acme-corp","security-ops","394972","31057","0","131106"
"2026-02-18","redundantLuettgen-Ru","copilot","copilot_premium_request","Claude Opus 4.5","101","requests","0.04","4.04000000000001","4.04000000000001","0","False","1000","dunder-mifflin-tech","compliance","387556","41212","2354523","503766"
"2026-02-18","greenholt-stron","copilot","copilot_premium_request","Claude Sonnet 4.5","14","requests","0.04","0.560000000000003","0.560000000000003","0","False","300","wonka-factory","","399163","8342","3500250","2911071"
"2026-02-18","franco97","copilot","copilot_premium_request","Claude Sonnet 4.6","31","requests","0.04","1.24000000000002","1.24000000000002","0","False","1000","waynetech","","186689","9934","3210196","41963"
"2026-02-18","solidstateKuvalis","copilot","copilot_premium_request","GPT-5","177","requests","0.04","7.08","7.08","0","False","1000","vandelay-industries","","162005","26270","0","0"
"2026-02-19","suzanne_hahn54","copilot","copilot_premium_request","Claude Opus 4.5","32","requests","0.04","1.27999999999999","1.27999999999999","0","False","1000","aperture-labs","","22020","17336","2178062","1139829"
"2026-02-19","ludiemante36","copilot","copilot_premium_request","Claude Opus 4.6","165","requests","0.04","6.6","6.6","0","False","300","initech","platform-team","199081","36260","3808763","2312497"
"2026-02-19","brett64","copilot","copilot_premium_request","Gemini 3 Pro","14","requests","0.04","0.560000000000006","0.560000000000006","0","False","300","springfield-nuclear","","304452","49353","0","0"
"2026-02-19","digitalMcLaughlin","copilot","copilot_premium_request","GPT-5","36","requests","0.04","1.43999999999999","1.43999999999999","0","False","1000","daily-planet-dev","data-eng","255269","39342","0","0"
"2026-02-19","mobileBrakus","copilot","copilot_premium_request","GPT-5.1","69","requests","0.04","2.76000000000001","2.76000000000001","0","False","1000","vandelay-industries","cloud-native","144174","26530","0","139426"
"2026-02-19","mueller-tough","copilot","copilot_premium_request","Gemini 3 Pro","20","requests","0.04","0.800000000000007","0.800000000000007","0","False","1000","vandelay-industries","","81992","45703","0","10862"
"2026-02-19","opticalMorar","copilot","copilot_premium_request","Claude Sonnet 4.6","14","requests","0.04","0.560000000000019","0.560000000000019","0","False","1000","wonka-factory","frontend-guild","330925","36401","2385013","2797849"
"2026-02-19","virtualGottlieb","copilot","copilot_premium_request","Claude Sonnet 4.5","190","requests","0.04","7.6","7.6","0","False","1000","daily-planet-dev","platform-team","133223","21324","3312155","536786"
"2026-02-19","onlineMosciski","copilot","copilot_premium_request","Claude Opus 4.5","152","requests","0.04","6.08000000000001","6.08000000000001","0","False","1000","starkindustries","security-ops","130924","25232","2959358","187115"
"2026-02-19","back-endGerlach","copilot","copilot_premium_request","Claude Haiku 4.5","183","requests","0.04","7.31999999999998","7.31999999999998","0","False","1000","aperture-labs","cloud-native","1306","38439","2702848","1336795"
"2026-02-19","abigail22","copilot","copilot_premium_request","Claude Haiku 4.5","111","requests","0.04","4.44000000000001","4.44000000000001","0","False","1000","umbrella-corp","","59233","22774","1034855","864115"
"2026-02-20","lorena30","copilot","copilot_premium_request","Claude Sonnet 4.6","76","requests","0.04","3.04000000000001","3.04000000000001","0","False","1000","hooli","data-eng","36572","29219","3720693","107744"
"2026-02-20","andy48","copilot","copilot_premium_request","Claude Opus 4.5","36","requests","0.04","1.43999999999999","1.43999999999999","0","False","1000","umbrella-corp","devex","23400","8107","2067590","387731"
"2026-02-20","franco97","copilot","copilot_premium_request","GPT-5","45","requests","0.04","1.8","1.8","0","False","1000","oscorp","compliance","321758","25434","0","0"
"2026-02-20","cross-platformGraham","copilot","copilot_premium_request","Gemini 3 Pro","119","requests","0.04","4.76000000000001","4.76000000000001","0","False","1000","hooli","","261267","47014","0","0"
"2026-02-20","redundantLuettgen-Ru","copilot","copilot_premium_request","Claude Sonnet 4.6","114","requests","0.04","4.55999999999999","4.55999999999999","0","False","1000","aperture-labs","","340314","49772","2358670","2211003"
"2026-02-20","greenholt-stron","copilot","copilot_premium_request","GPT-5","36","requests","0.04","1.44000000000002","1.44000000000002","0","False","1000","Bluth-Company","cloud-native","131260","36488","0","0"
"2026-02-20","solidstateKuvalis","copilot","copilot_premium_request","Gemini 2.5 Pro","161","requests","0.04","6.44","6.44","0","False","1000","wonka-factory","frontend-guild","185360","21306","0","8835"
"2026-02-20","mueller-tough","copilot","copilot_premium_request","Claude Opus 4.6","103","requests","0.04","4.12000000000002","4.12000000000002","0","False","1000","hooli","frontend-guild","211204","46458","2787493","1014123"
"2026-02-20","murazik-mealy","copilot","copilot_premium_request","GPT-5.1","42","requests","0.04","1.68","1.68","0","False","1000","soylent-corp","","132877","40318","0","0"
"2026-02-20","eve93","copilot","copilot_premium_request","Claude Haiku 4.5","123","requests","0.04","4.91999999999998","4.91999999999998","0","False","300","dunder-mifflin-tech","cloud-native","24971","4391","251304","3586523"
"2026-02-20","bluetoothBayer","copilot","copilot_premium_request","Gemini 2.5 Pro","20","requests","0.04","0.799999999999983","0.799999999999983","0","False","1000","waynetech","","163471","21826","0","0"
"2026-02-20","back-endGerlach","copilot","copilot_premium_request","Claude Sonnet 4.5","136","requests","0.04","5.43999999999999","5.43999999999999","0","False","1000","waynetech","frontend-guild","143597","18349","1669545","1891903"
"2026-02-20","jennieconn","copilot","copilot_premium_request","Claude Haiku 4.5","108","requests","0.04","4.32000000000001","4.32000000000001","0","False","1000","daily-planet-dev","cloud-native","298307","40964","1834259","3089744"
"2026-02-20","conrad13","copilot","copilot_premium_request","Gemini 2.5 Pro","78","requests","0.04","3.11999999999999","3.11999999999999","0","False","1000","dunder-mifflin-tech","","140331","34319","0","0"
"2026-02-20","digitalMcLaughlin","copilot","copilot_premium_request","Claude Haiku 4.5","127","requests","0.04","5.07999999999999","5.07999999999999","0","False","1000","springfield-nuclear","security-ops","285777","21441","517408","2850725"
"2026-02-20","onlineMosciski","copilot","copilot_premium_request","GPT-5","53","requests","0.04","2.12000000000002","2.12000000000002","0","False","1000","massive-dynamic","ml-infra","209960","840","0","0"
"2026-02-20","shayna52","copilot","copilot_premium_request","Claude Opus 4.5","65","requests","0.04","2.6","2.6","0","False","1000","piedpiper","ml-infra","26066","36427","1934768","3967950"
"2026-02-20","open-sourceTerry","copilot","copilot_premium_request","Gemini 3 Pro","104","requests","0.04","4.16000000000001","4.16000000000001","0","False","1000","oscorp","data-eng","181024","36933","0","0"
"2026-02-21","douglas43","copilot","copilot_premium_request","GPT-5.1","11","requests","0.04","0.440000000000016","0.440000000000016","0","False","300","acme-corp","security-ops","205845","47813","0","0"
"2026-02-21","josue79","copilot","copilot_premium_request","GPT-5","4","requests","0.04","0.160000000000011","0.160000000000011","0","False","1000","aperture-labs","","385520","14775","0","0"
"2026-02-21","mobileStehr-Grimes","copilot","copilot_premium_request","GPT-5.1","168","requests","0.04","6.72","6.72","0","False","1000","cyberdyne-sys","","220860","15140","0","0"
"2026-02-21","cross-platformGraham","copilot","copilot_premium_request","GPT-5.2","187","requests","0.04","7.48000000000002","7.48000000000002","0","False","1000","dunder-mifflin-tech","","362738","43929","0","0"
"2026-02-21","jennieconn","copilot","copilot_premium_request","Claude Sonnet 4.5","184","requests","0.04","7.36000000000001","7.36000000000001","0","False","1000","massive-dynamic","cloud-native","210546","3860","2280544","2695789"
"2026-02-21","franco97","copilot","copilot_premium_request","GPT-5.1","104","requests","0.04","4.16","4.16","0","False","1000","globex-inc","","62181","13195","0","0"
"2026-02-21","virtualGottlieb","copilot","copilot_premium_request","GPT-5","23","requests","0.04","0.919999999999992","0.919999999999992","0","False","1000","hooli","cloud-native","85398","49545","0","0"
"2026-02-21","jeremy11","copilot","copilot_premium_request","Claude Opus 4.6","75","requests","0.04","3.00000000000002","3.00000000000002","0","False","300","hooli","cloud-native","100120","21648","1620406","464789"
"2026-02-21","andy48","copilot","copilot_premium_request","GPT-5.2","36","requests","0.04","1.44000000000002","1.44000000000002","0","False","300","prestige-worldwide","","197060","18249","0","0"
"2026-02-21","wilkinson-short","copilot","copilot_premium_request","GPT-5","10","requests","0.04","0.399999999999986","0.399999999999986","0","False","300","wonka-factory","frontend-guild","189168","35477","0","0"
"2026-02-21","redundantLuettgen-Ru","copilot","copilot_premium_request","Gemini 3 Pro","185","requests","0.04","7.40000000000001","7.40000000000001","0","False","1000","starkindustries","devex","123632","8628","0","0"
"2026-02-21","digitalMcLaughlin","copilot","copilot_premium_request","Claude Opus 4.5","140","requests","0.04","5.6","5.6","0","False","300","springfield-nuclear","cloud-native","5640","17430","106858","3889071"
"2026-02-21","suzanne_hahn54","copilot","copilot_premium_request","Claude Sonnet 4.6","114","requests","0.04","4.56","4.56","0","False","300","initech","","201052","42874","2094936","3402146"
"2026-02-21","primaryMetz","copilot","copilot_premium_request","GPT-5.2","133","requests","0.04","5.32000000000002","5.32000000000002","0","False","1000","soylent-corp","","116136","11253","0","0"
"2026-02-21","eve93","copilot","copilot_premium_request","GPT-5","85","requests","0.04","3.40000000000001","3.40000000000001","0","False","300","springfield-nuclear","","268496","49777","0","0"
"2026-02-22","larue24","copilot","copilot_premium_request","Claude Opus 4.5","30","requests","0.04","1.19999999999998","1.19999999999998","0","False","300","dunder-mifflin-tech","","2321","5722","3668064","1774966"
"2026-02-22","opticalMorar","copilot","copilot_premium_request","Gemini 3 Pro","133","requests","0.04","5.31999999999999","5.31999999999999","0","False","1000","cyberdyne-sys","","197861","20314","0","0"
"2026-02-22","heller-venge","copilot","copilot_premium_request","Claude Sonnet 4.6","154","requests","0.04","6.16","6.16","0","False","1000","cyberdyne-sys","security-ops","178442","38190","216872","2839534"
"2026-02-22","lorena30","copilot","copilot_premium_request","GPT-5.1","97","requests","0.04","3.88000000000002","3.88000000000002","0","False","1000","piedpiper","devex","359453","22690","0","0"
"2026-02-22","virtualGottlieb","copilot","copilot_premium_request","Claude Sonnet 4.6","69","requests","0.04","2.76000000000002","2.76000000000002","0","False","1000","starkindustries","","342462","16991","3601188","3076570"
"2026-02-22","eve93","copilot","copilot_premium_request","GPT-5.2","64","requests","0.04","2.56000000000002","2.56000000000002","0","False","1000","piedpiper","compliance","108658","2326","0","0"
"2026-02-22","conrad13","copilot","copilot_premium_request","Claude Sonnet 4.6","56","requests","0.04","2.23999999999998","2.23999999999998","0","False","1000","acme-corp","security-ops","102395","47201","1266577","491660"
"2026-02-22","murazik-mealy","copilot","copilot_premium_request","GPT-5","163","requests","0.04","6.52000000000001","6.52000000000001","0","False","1000","hooli","compliance","153517","3245","0","0"
"2026-02-22","digitalMcLaughlin","copilot","copilot_premium_request","Claude Haiku 4.5","10","requests","0.04","0.399999999999985","0.399999999999985","0","False","1000","Bluth-Company","security-ops","385832","6383","457295","3931876"
"2026-02-22","ludiemante36","copilot","copilot_premium_request","GPT-5.2","75","requests","0.04","2.99999999999998","2.99999999999998","0","False","300","Bluth-Company","cloud-native","150167","33553","0","189523"
"2026-02-22","wilkinson-short","copilot","copilot_premium_request","GPT-5.2","170","requests","0.04","6.80000000000001","6.80000000000001","0","False","1000","massive-dynamic","","201279","2972","0","22861"
"2026-02-22","geneva94","copilot","copilot_premium_request","Claude Haiku 4.5","178","requests","0.04","7.12000000000001","7.12000000000001","0","False","1000","starkindustries","","286448","34320","372081","2201451"
"2026-02-22","shayna52","copilot","copilot_premium_request","Claude Sonnet 4.5","28","requests","0.04","1.12000000000001","1.12000000000001","0","False","300","prestige-worldwide","","284378","7666","3355954","1449351"
"2026-02-22","hirthe-grant-trivi","copilot","copilot_premium_request","GPT-5","163","requests","0.04","6.52000000000002","6.52000000000002","0","False","1000","wonka-factory","cloud-native","224515","33075","0","0"
"2026-02-22","franco97","copilot","copilot_premium_request","GPT-5.1","160","requests","0.04","6.39999999999998","6.39999999999998","0","False","1000","waynetech","devex","91728","33195","0","0"
"2026-02-22","brett64","copilot","copilot_premium_request","Claude Opus 4.6","147","requests","0.04","5.88000000000002","5.88000000000002","0","False","1000","hooli","cloud-native","78512","30148","226728","1028551"
"2026-02-22","toney60","copilot","copilot_premium_request","GPT-5.1","179","requests","0.04","7.16","7.16","0","False","1000","wonka-factory","data-eng","101192","21566","0","165366"
"2026-02-22","florence_medhurst","copilot","copilot_premium_request","GPT-5.1","187","requests","0.04","7.47999999999998","7.47999999999998","0","False","1000","initech","","311823","24387","0","0"
"2026-02-22","mueller-tough","copilot","copilot_premium_request","GPT-5","92","requests","0.04","3.68000000000001","3.68000000000001","0","False","1000","starkindustries","","126635","38200","0","0"
"2026-02-23","open-sourceTerry","copilot","copilot_premium_request","GPT-5.2","32","requests","0.04","1.27999999999999","1.27999999999999","0","False","1000","globex-inc","cloud-native","3143","25946","0","194032"
"2026-02-23","primaryMetz","copilot","copilot_premium_request","GPT-5.1","19","requests","0.04","0.760000000000012","0.760000000000012","0","False","1000","massive-dynamic","platform-team","24980","8997","0","0"
"2026-02-23","jennieconn","copilot","copilot_premium_request","Claude Sonnet 4.6","139","requests","0.04","5.56000000000001","5.56000000000001","0","False","1000","hooli","","345963","33555","2528182","984942"
"2026-02-23","mueller-tough","copilot","copilot_premium_request","Claude Sonnet 4.5","148","requests","0.04","5.91999999999999","5.91999999999999","0","False","1000","prestige-worldwide","","339247","47905","1122862","1109937"
"2026-02-23","back-endGerlach","copilot","copilot_premium_request","GPT-5.1","199","requests","0.04","7.95999999999998","7.95999999999998","0","False","300","umbrella-corp","compliance","240924","16785","0","0"
"2026-02-23","suzanne_hahn54","copilot","copilot_premium_request","Claude Sonnet 4.5","164","requests","0.04","6.56000000000002","6.56000000000002","0","False","1000","oscorp","data-eng","63098","13694","3892835","18130"
"2026-02-23","redundantLuettgen-Ru","copilot","copilot_premium_request","GPT-5","64","requests","0.04","2.55999999999999","2.55999999999999","0","False","1000","aperture-labs","","10964","9839","0","0"
"2026-02-23","solidstateKuvalis","copilot","copilot_premium_request","GPT-5.1","121","requests","0.04","4.83999999999999","4.83999999999999","0","False","1000","dunder-mifflin-tech","","267550","33016","0","0"
"2026-02-23","onlineMosciski","copilot","copilot_premium_request","GPT-5","73","requests","0.04","2.92000000000002","2.92000000000002","0","False","1000","vandelay-industries","security-ops","2566","42249","0","148356"
"2026-02-23","murazik-mealy","copilot","copilot_premium_request","GPT-5","5","requests","0.04","0.200000000000011","0.200000000000011","0","False","300","wonka-factory","security-ops","102210","18211","0","0"
"2026-02-23","myrnagraham","copilot","copilot_premium_request","Claude Opus 4.6","73","requests","0.04","2.92","2.92","0","False","1000","prestige-worldwide","platform-team","370052","32675","43915","3848193"
"2026-02-23","jeremy11","copilot","copilot_premium_request","Claude Haiku 4.5","12","requests","0.04","0.48000000000002","0.48000000000002","0","False","300","piedpiper","","388201","42436","2995672","720215"
"2026-02-23","digitalMcLaughlin","copilot","copilot_premium_request","Gemini 2.5 Pro","16","requests","0.04","0.640000000000016","0.640000000000016","0","False","1000","piedpiper","","263491","28426","0","0"
"2026-02-23","hirthe-grant-trivi","copilot","copilot_premium_request","Claude Sonnet 4.6","135","requests","0.04","5.40000000000001","5.40000000000001","0","False","1000","massive-dynamic","cloud-native","198274","74","2205126","353247"
"2026-02-23","kearaledner2","copilot","copilot_premium_request","Claude Sonnet 4.5","174","requests","0.04","6.95999999999999","6.95999999999999","0","False","300","cyberdyne-sys","","45108","38686","2280568","2135440"
"2026-02-23","mobileBrakus","copilot","copilot_premium_request","GPT-5.1","56","requests","0.04","2.24000000000001","2.24000000000001","0","False","1000","vandelay-industries","security-ops","280425","36980","0","0"
"2026-02-24","jennieconn","copilot","copilot_premium_request","Claude Opus 4.5","7","requests","0.04","0.280000000000011","0.280000000000011","0","False","300","hooli","","351842","42360","2865819","2216335"
"2026-02-24","bluetoothBayer","copilot","copilot_premium_request","Gemini 3 Pro","5","requests","0.04","0.200000000000022","0.200000000000022","0","False","300","springfield-nuclear","cloud-native","329922","33865","0","133741"
"2026-02-24","cross-platformGraham","copilot","copilot_premium_request","Claude Opus 4.6","141","requests","0.04","5.64","5.64","0","False","1000","prestige-worldwide","ml-infra","322534","24808","2641243","2062228"
"2026-02-24","greenholt-stron","copilot","copilot_premium_request","Gemini 3 Pro","75","requests","0.04","2.99999999999998","2.99999999999998","0","False","1000","cyberdyne-sys","devex","363020","21435","0","0"
"2026-02-24","murazik-mealy","copilot","copilot_premium_request","GPT-5.1","125","requests","0.04","4.99999999999999","4.99999999999999","0","False","1000","wonka-factory","data-eng","386876","20916","0","0"
"2026-02-24","virtualGottlieb","copilot","copilot_premium_request","Claude Haiku 4.5","45","requests","0.04","1.80000000000001","1.80000000000001","0","False","1000","hooli","devex","346944","32931","2171210","1155338"
"2026-02-24","suzanne_hahn54","copilot","copilot_premium_request","Claude Opus 4.5","63","requests","0.04","2.52000000000001","2.52000000000001","0","False","1000","acme-corp","cloud-native","396552","32467","313087","2121329"
"2026-02-24","open-sourceTerry","copilot","copilot_premium_request","Claude Opus 4.6","101","requests","0.04","4.04000000000001","4.04000000000001","0","False","300","daily-planet-dev","compliance","186941","35182","776804","1659050"
"2026-02-24","larue24","copilot","copilot_premium_request","Claude Sonnet 4.5","59","requests","0.04","2.35999999999999","2.35999999999999","0","False","1000","piedpiper","compliance","358105","30143","715129","1055667"
"2026-02-24","toney60","copilot","copilot_premium_request","Claude Sonnet 4.5","164","requests","0.04","6.56","6.56","0","False","1000","soylent-corp","devex","31975","46971","420571","403955"
"2026-02-24","franco97","copilot","copilot_premium_request","Claude Opus 4.5","185","requests","0.04","7.40000000000001","7.40000000000001","0","False","300","springfield-nuclear","","29607","29074","2881926","1791235"
"2026-02-24","mueller-tough","copilot","copilot_premium_request","Gemini 2.5 Pro","8","requests","0.04","0.320000000000015","0.320000000000015","0","False","1000","globex-inc","","43397","40860","0","97180"
"2026-02-24","kearaledner2","copilot","copilot_premium_request","GPT-5.1","40","requests","0.04","1.60000000000002","1.60000000000002","0","False","1000","wonka-factory","","170576","45951","0","19691"
"2026-02-24","mobileStehr-Grimes","copilot","copilot_premium_request","Claude Sonnet 4.5","110","requests","0.04","4.39999999999999","4.39999999999999","0","False","1000","umbrella-corp","frontend-guild","40674","34599","109741","2603751"
"2026-02-24","eve93","copilot","copilot_premium_request","Claude Opus 4.6","79","requests","0.04","3.16000000000001","3.16000000000001","0","False","1000","daily-planet-dev","cloud-native","284505","47829","716962","944143"
"2026-02-24","onlineMosciski","copilot","copilot_premium_request","GPT-5","64","requests","0.04","2.56000000000002","2.56000000000002","0","False","1000","waynetech","devex","180802","20586","0","24289"
"2026-02-24","myrnagraham","copilot","copilot_premium_request","GPT-5","123","requests","0.04","4.92000000000002","4.92000000000002","0","False","1000","cyberdyne-sys","cloud-native","130952","5867","0","0"
"2026-02-24","hirthe-grant-trivi","copilot","copilot_premium_request","GPT-5.1","94","requests","0.04","3.76000000000001","3.76000000000001","0","False","300","aperture-labs","","325791","8373","0","141870"
"2026-02-24","jeremy11","copilot","copilot_premium_request","Gemini 2.5 Pro","199","requests","0.04","7.96000000000002","7.96000000000002","0","False","300","massive-dynamic","devex","379872","24863","0","0"
"2026-02-24","brett64","copilot","copilot_premium_request","GPT-5.2","166","requests","0.04","6.64","6.64","0","False","1000","aperture-labs","data-eng","142361","6087","0","0"
"2026-02-25","lorena30","copilot","copilot_premium_request","Gemini 2.5 Pro","37","requests","0.04","1.47999999999999","1.47999999999999","0","False","1000","piedpiper","ml-infra","252975","38807","0","0"
"2026-02-25","bluetoothBayer","copilot","copilot_premium_request","Claude Sonnet 4.5","47","requests","0.04","1.87999999999999","1.87999999999999","0","False","1000","waynetech","devex","273764","26630","459534","3038104"
"2026-02-25","myrnagraham","copilot","copilot_premium_request","Claude Opus 4.6","180","requests","0.04","7.2","7.2","0","False","300","starkindustries","","369774","1661","2083129","3929500"
"2026-02-25","geneva94","copilot","copilot_premium_request","Gemini 2.5 Pro","12","requests","0.04","0.480000000000012","0.480000000000012","0","False","300","massive-dynamic","data-eng","376436","40888","0","0"
"2026-02-25","primaryMetz","copilot","copilot_premium_request","Gemini 3 Pro","10","requests","0.04","0.400000000000004","0.400000000000004","0","False","1000","umbrella-corp","","367291","34468","0","0"
"2026-02-25","abigail22","copilot","copilot_premium_request","Claude Haiku 4.5","152","requests","0.04","6.08000000000001","6.08000000000001","0","False","1000","Bluth-Company","cloud-native","374905","48413","916834","2455527"
"2026-02-25","murazik-mealy","copilot","copilot_premium_request","Claude Sonnet 4.6","73","requests","0.04","2.92000000000001","2.92000000000001","0","False","300","globex-inc","","394545","44342","2244787","3159187"
"2026-02-25","conrad13","copilot","copilot_premium_request","Claude Sonnet 4.6","163","requests","0.04","6.52000000000002","6.52000000000002","0","False","1000","Bluth-Company","platform-team","94253","12119","2528896","3117678"
"2026-02-25","wilkinson-short","copilot","copilot_premium_request","Claude Opus 4.5","24","requests","0.04","0.960000000000007","0.960000000000007","0","False","1000","springfield-nuclear","","58729","3859","1426338","3458929"
"2026-02-25","virtualGottlieb","copilot","copilot_premium_request","Claude Opus 4.5","140","requests","0.04","5.6","5.6","0","False","1000","hooli","compliance","252590","28167","557320","2289530"
"2026-02-25","toney60","copilot","copilot_premium_request","Claude Sonnet 4.5","193","requests","0.04","7.72000000000001","7.72000000000001","0","False","300","dunder-mifflin-tech","data-eng","34691","18108","514536","815376"
"2026-02-25","mueller-tough","copilot","copilot_premium_request","Claude Haiku 4.5","22","requests","0.04","0.880000000000021","0.880000000000021","0","False","1000","oscorp","compliance","125171","19739","826124","3579876"
"2026-02-25","farrell-punct","copilot","copilot_premium_request","Gemini 2.5 Pro","138","requests","0.04","5.52000000000001","5.52000000000001","0","False","1000","acme-corp","","59844","33052","0","170332"
"2026-02-25","douglas43","copilot","copilot_premium_request","GPT-5.2","6","requests","0.04","0.240000000000011","0.240000000000011","0","False","300","massive-dynamic","data-eng","323959","32204","0","0"
"2026-02-25","solidstateKuvalis","copilot","copilot_premium_request","Gemini 3 Pro","125","requests","0.04","4.99999999999999","4.99999999999999","0","False","1000","globex-inc","frontend-guild","62390","40014","0","81571"
"2026-02-25","mobileBrakus","copilot","copilot_premium_request","Gemini 2.5 Pro","8","requests","0.04","0.319999999999986","0.319999999999986","0","False","1000","springfield-nuclear","frontend-guild","221001","10633","0","59644"
"2026-02-25","open-sourceTerry","copilot","copilot_premium_request","Gemini 3 Pro","39","requests","0.04","1.56","1.56","0","False","300","daily-planet-dev","","323656","40954","0","0"
"2026-02-25","florence_medhurst","copilot","copilot_premium_request","Claude Sonnet 4.5","60","requests","0.04","2.39999999999999","2.39999999999999","0","False","1000","umbrella-corp","frontend-guild","379431","16229","1599848","1135570"
"2026-02-25","suzanne_hahn54","copilot","copilot_premium_request","GPT-5","146","requests","0.04","5.84000000000002","5.84000000000002","0","False","1000","vandelay-industries","","169803","15746","0","153752"
"2026-02-25","franco97","copilot","copilot_premium_request","GPT-5.1","24","requests","0.04","0.960000000000008","0.960000000000008","0","False","300","globex-inc","devex","96691","33522","0","0"
"2026-02-26","greenholt-stron","copilot","copilot_premium_request","Claude Opus 4.5","159","requests","0.04","6.35999999999998","6.35999999999998","0","False","1000","globex-inc","security-ops","57327","41750","1009727","355081"
"2026-02-26","conrad13","copilot","copilot_premium_request","Claude Sonnet 4.5","9","requests","0.04","0.360000000000021","0.360000000000021","0","False","1000","dunder-mifflin-tech","compliance","269000","13449","1543577","2993874"
"2026-02-26","onlineMosciski","copilot","copilot_premium_request","Claude Sonnet 4.6","120","requests","0.04","4.80000000000002","4.80000000000002","0","False","1000","springfield-nuclear","platform-team","98743","29272","3064288","608869"
"2026-02-26","florence_medhurst","copilot","copilot_premium_request","GPT-5.2","111","requests","0.04","4.44","4.44","0","False","1000","cyberdyne-sys","platform-team","212276","32884","0","0"
"2026-02-26","andy48","copilot","copilot_premium_request","Claude Opus 4.6","70","requests","0.04","2.80000000000001","2.80000000000001","0","False","1000","soylent-corp","","143318","1026","1037196","1949095"
"2026-02-26","heller-venge","copilot","copilot_premium_request","Gemini 3 Pro","110","requests","0.04","4.4","4.4","0","False","300","globex-inc","devex","141871","31852","0","0"
"2026-02-26","kearaledner2","copilot","copilot_premium_request","GPT-5.2","158","requests","0.04","6.32","6.32","0","False","1000","hooli","cloud-native","310224","5650","0","187205"
"2026-02-26","jennieconn","copilot","copilot_premium_request","GPT-5","77","requests","0.04","3.08","3.08","0","False","1000","waynetech","","39750","1223","0","41571"
"2026-02-26","solidstateKuvalis","copilot","copilot_premium_request","Gemini 2.5 Pro","156","requests","0.04","6.24","6.24","0","False","1000","piedpiper","","347505","40474","0","0"
"2026-02-26","open-sourceTerry","copilot","copilot_premium_request","GPT-5","30","requests","0.04","1.19999999999998","1.19999999999998","0","False","300","acme-corp","ml-infra","348264","17070","0","151100"
"2026-02-26","ludiemante36","copilot","copilot_premium_request","Claude Sonnet 4.5","76","requests","0.04","3.04000000000002","3.04000000000002","0","False","1000","soylent-corp","","377081","29806","1102014","3276610"
"2026-02-26","primaryMetz","copilot","copilot_premium_request","GPT-5.2","200","requests","0.04","8.00000000000001","8.00000000000001","0","False","300","prestige-worldwide","","19737","41465","0","0"
"2026-02-26","eve93","copilot","copilot_premium_request","Claude Opus 4.5","61","requests","0.04","2.44000000000001","2.44000000000001","0","False","1000","initech","devex","158403","41503","2460200","3520451"
"2026-02-27","geneva94","copilot","copilot_premium_request","GPT-5.1","96","requests","0.04","3.84000000000002","3.84000000000002","0","False","1000","acme-corp","frontend-guild","319750","40056","0","0"
"2026-02-27","lorena30","copilot","copilot_premium_request","Claude Sonnet 4.5","147","requests","0.04","5.87999999999998","5.87999999999998","0","False","300","starkindustries","cloud-native","203669","19573","2042996","40656"
"2026-02-27","conrad13","copilot","copilot_premium_request","Claude Sonnet 4.5","75","requests","0.04","2.99999999999998","2.99999999999998","0","False","1000","waynetech","","12562","13181","1593354","1275418"
"2026-02-27","opticalMorar","copilot","copilot_premium_request","Gemini 2.5 Pro","195","requests","0.04","7.8","7.8","0","False","300","acme-corp","cloud-native","109897","27378","0","0"
"2026-02-27","franco97","copilot","copilot_premium_request","GPT-5.2","50","requests","0.04","2.00000000000001","2.00000000000001","0","False","300","initech","frontend-guild","223807","27654","0","0"
"2026-02-27","douglas43","copilot","copilot_premium_request","Gemini 3 Pro","130","requests","0.04","5.2","5.2","0","False","1000","massive-dynamic","frontend-guild","288288","10861","0","0"
"2026-02-27","cross-platformGraham","copilot","copilot_premium_request","GPT-5.2","134","requests","0.04","5.36000000000001","5.36000000000001","0","False","1000","soylent-corp","compliance","388935","27227","0","0"
"2026-02-27","mobileBrakus","copilot","copilot_premium_request","Gemini 3 Pro","166","requests","0.04","6.63999999999998","6.63999999999998","0","False","1000","soylent-corp","compliance","188575","5282","0","186646"
"2026-02-28","mueller-tough","copilot","copilot_premium_request","Claude Opus 4.5","31","requests","0.04","1.24","1.24","0","False","1000","vandelay-industries","ml-infra","308547","46879","2729504","3153853"
"2026-02-28","geneva94","copilot","copilot_premium_request","Gemini 3 Pro","36","requests","0.04","1.43999999999999","1.43999999999999","0","False","1000","initech","frontend-guild","166266","35975","0","119771"
"2026-02-28","digitalMcLaughlin","copilot","copilot_premium_request","GPT-5.1","183","requests","0.04","7.32000000000001","7.32000000000001","0","False","300","piedpiper","","271893","34951","0","102228"
"2026-02-28","mobileBrakus","copilot","copilot_premium_request","Gemini 3 Pro","116","requests","0.04","4.64000000000002","4.64000000000002","0","False","300","vandelay-industries","frontend-guild","122491","43520","0","0"
"2026-02-28","brett64","copilot","copilot_premium_request","GPT-5","174","requests","0.04","6.96000000000001","6.96000000000001","0","False","300","acme-corp","platform-team","15275","26883","0","121354"
"2026-02-28","lorena30","copilot","copilot_premium_request","Claude Opus 4.5","94","requests","0.04","3.76000000000002","3.76000000000002","0","False","1000","initech","","386585","39572","1358928","2265693"
"2026-02-28","primaryMetz","copilot","copilot_premium_request","Gemini 3 Pro","188","requests","0.04","7.52","7.52","0","False","1000","vandelay-industries","cloud-native","285448","13990","0","118236"
"2026-02-28","farrell-punct","copilot","copilot_premium_request","Claude Sonnet 4.5","92","requests","0.04","3.68000000000001","3.68000000000001","0","False","1000","starkindustries","ml-infra","210226","15435","3537659","1911070"
"2026-02-28","jeremy11","copilot","copilot_premium_request","Claude Opus 4.5","75","requests","0.04","2.99999999999999","2.99999999999999","0","False","1000","umbrella-corp","","17171","31604","1410975","53859"
"2026-02-28","bluetoothBayer","copilot","copilot_premium_request","GPT-5.2","68","requests","0.04","2.71999999999998","2.71999999999998","0","False","1000","springfield-nuclear","data-eng","75877","49722","0","185240"
"2026-02-28","hirthe-grant-trivi","copilot","copilot_premium_request","Gemini 2.5 Pro","56","requests","0.04","2.23999999999999","2.23999999999999","0","False","1000","globex-inc","compliance","384964","22760","0","0"
"2026-02-28","franco97","copilot","copilot_premium_request","GPT-5.1","37","requests","0.04","1.47999999999999","1.47999999999999","0","False","1000","oscorp","","238417","23629","0","160076"
"2026-02-28","solidstateKuvalis","copilot","copilot_premium_request","Gemini 2.5 Pro","134","requests","0.04","5.35999999999998","5.35999999999998","0","False","1000","umbrella-corp","","87923","37173","0","0"
